symbol,date,open,high,low,close,volume,turnover
NABIL,2026-07-13,530.0,531.0,525.0,526.3,48177,25372811.9
NABIL,2026-07-14,525.1,532.9,525.1,530.1,76835,40708052.9
NABIL,2026-07-15,515.0,536.0,515.0,534.0,57577,30712675.2
NABIL,2026-07-16,535.5,537.9,534.0,534.9,28326,15154158.0
NABIL,2026-07-17,539.0,546.0,536.0,542.7,66735,36195408.5
NABIL,2026-07-20,550.0,551.1,542.7,550.0,100779,55354893.5
NABIL,2026-07-21,552.0,554.9,548.0,549.0,102884,56659381.6
NABIL,2026-07-22,550.0,550.0,546.0,546.8,48017,26339411.4
NABIL,2026-07-23,546.0,550.0,545.0,550.0,40281,22089641.4
NABIL,2026-07-24,550.0,557.6,546.1,553.1,91376,50610822.8
NABIL,2026-07-27,553.0,568.0,553.0,560.0,155380,87108157.9
NABIL,2026-07-28,560.0,560.0,554.0,558.0,61497,34237335.1
NABIL,2026-07-29,558.0,560.0,553.5,557.5,58797,32817748.0
NABIL,2026-07-30,530.0,566.0,530.0,554.5,50772,28143176.0
NABIL,2026-07-31,554.5,558.6,550.0,556.0,45634,25347989.1
NIMB,2026-07-13,199.8,199.8,188.0,188.1,166988,31583334.6
NIMB,2026-07-14,188.5,191.2,187.5,189.1,118057,22381140.5
NIMB,2026-07-15,193.0,193.0,189.3,191.0,109105,20819299.6
NIMB,2026-07-16,190.0,193.0,189.0,190.0,94936,18072158.4
NIMB,2026-07-17,195.0,197.0,190.0,196.4,93380,18226647.9
NIMB,2026-07-20,187.0,200.0,187.0,198.0,138065,27297164.1
NIMB,2026-07-21,201.0,201.0,197.0,198.5,169137,33553860.3
NIMB,2026-07-22,196.0,198.8,195.3,197.0,61972,12205754.9
NIMB,2026-07-23,190.0,201.0,190.0,198.4,69542,13682696.4
NIMB,2026-07-24,198.0,206.0,196.0,204.2,461662,93878220.4
NIMB,2026-07-27,194.0,213.0,194.0,203.0,460463,95284892.3
NIMB,2026-07-28,203.0,206.0,201.0,202.8,98021,19857278.6
NIMB,2026-07-29,203.0,203.8,199.1,199.5,129373,26039530.5
NIMB,2026-07-30,190.0,204.0,190.0,199.0,107356,21232202.2
NIMB,2026-07-31,189.1,201.0,189.1,199.7,140620,27994962.7
SCB,2026-07-13,638.0,639.1,635.0,637.0,20869,13293037.6
SCB,2026-07-14,635.0,639.0,634.0,635.5,22831,14524991.1
SCB,2026-07-15,649.0,649.0,636.0,643.5,7822,4993735.6
SCB,2026-07-16,639.0,668.0,639.0,666.1,14522,9512061.9
SCB,2026-07-17,664.5,664.5,656.2,662.9,7453,4932504.9
SCB,2026-07-20,664.0,665.0,659.1,665.0,4716,3128885.3
SCB,2026-07-21,665.0,670.0,660.0,663.9,8964,5969552.5
SCB,2026-07-22,661.0,661.0,644.0,658.1,3467,2279267.0
SCB,2026-07-23,625.2,670.0,625.2,655.2,1974,1291361.5
SCB,2026-07-24,655.09,660.0,651.0,651.0,17211,11280375.05
SCB,2026-07-27,618.5,662.0,618.5,654.0,17457,11451646.1
SCB,2026-07-28,656.0,660.0,650.0,655.0,5553,3638400.3
SCB,2026-07-29,650.1,659.0,641.0,657.0,12523,8189469.1
SCB,2026-07-30,660.8,660.8,650.3,652.0,3198,2099872.3
SCB,2026-07-31,657.9,657.9,645.2,651.0,10797,7019929.9
HBL,2026-07-13,192.8,193.0,189.6,190.8,60904,11613287.7
HBL,2026-07-14,195.0,195.0,188.9,191.8,35099,6720673.7
HBL,2026-07-15,190.0,198.7,190.0,193.0,27955,5380949.8
HBL,2026-07-16,193.0,197.0,191.0,194.5,24590,4735013.7
HBL,2026-07-17,192.5,200.3,192.0,199.5,56571,11245394.3
HBL,2026-07-20,190.0,202.2,190.0,200.7,28825,5781169.3
HBL,2026-07-21,200.0,202.5,198.2,202.0,74503,14925280.8
HBL,2026-07-22,199.2,202.4,198.0,200.9,29548,5909795.7
HBL,2026-07-23,200.0,203.0,194.0,202.8,44740,8958064.4
HBL,2026-07-24,192.7,216.4,192.7,206.0,144301,29710713.5
HBL,2026-07-27,206.0,210.0,201.4,201.9,92763,19119967.8
HBL,2026-07-28,201.9,205.0,199.0,200.8,45079,9078956.5
HBL,2026-07-29,200.8,201.9,198.0,198.0,49632,9898051.1
HBL,2026-07-30,188.1,202.0,188.1,199.0,33687,6649306.0
HBL,2026-07-31,197.0,216.0,195.8,202.0,61738,12369771.1
SBI,2026-07-13,390.0,390.0,383.0,389.8,32122,12382911.4
SBI,2026-07-14,385.0,390.0,382.1,388.9,14388,5504365.5
SBI,2026-07-15,390.0,393.0,385.0,387.0,20827,8101128.2
SBI,2026-07-16,385.1,393.0,384.2,392.9,10894,4214250.8
SBI,2026-07-17,394.9,399.9,394.0,399.9,34768,13765021.4
SBI,2026-07-20,380.0,409.0,380.0,409.0,40616,16352495.1
SBI,2026-07-21,407.0,410.0,403.0,410.0,63183,25677206.0
SBI,2026-07-22,412.0,412.9,402.0,412.0,50503,20618844.5
SBI,2026-07-23,392.0,415.0,392.0,409.0,7387,3002986.7
SBI,2026-07-24,409.4,413.5,407.0,413.5,68167,28084411.5
SBI,2026-07-27,410.0,417.9,410.0,415.0,58278,24134925.6
SBI,2026-07-28,435.0,435.0,408.1,408.1,10946,4496428.5
SBI,2026-07-29,408.1,412.0,402.0,409.9,14663,5991905.6
SBI,2026-07-30,389.5,419.9,389.5,406.9,4129,1678629.5
SBI,2026-07-31,408.9,409.0,400.0,408.0,32635,13260905.8
EBL,2026-07-13,695.1,702.0,693.3,694.0,49185,34184776.0
EBL,2026-07-14,695.0,697.0,690.3,692.6,44101,30607375.8
EBL,2026-07-15,700.0,700.0,692.0,693.1,58660,40722563.0
EBL,2026-07-16,697.0,700.0,694.0,695.0,33249,23146112.3
EBL,2026-07-17,703.5,719.0,703.0,718.0,25601,18211601.4
EBL,2026-07-20,720.0,727.0,711.1,717.5,39264,28240661.3
EBL,2026-07-21,718.1,735.0,718.1,720.5,34312,24757512.9
EBL,2026-07-22,720.0,725.0,717.0,718.0,12550,9026616.9
EBL,2026-07-23,753.0,753.0,712.1,719.0,21235,15236226.1
EBL,2026-07-24,725.0,725.5,720.0,724.0,84744,61356791.4
EBL,2026-07-27,732.9,732.9,720.0,726.0,58133,42328424.4
EBL,2026-07-28,726.0,728.0,717.5,725.0,23527,17018016.8
EBL,2026-07-29,725.0,730.0,720.0,727.0,27058,19639347.6
EBL,2026-07-30,727.0,727.0,721.0,724.0,10486,7579527.9
EBL,2026-07-31,725.0,730.4,720.0,728.6,29334,21369714.5
NICA,2026-07-13,330.0,330.0,320.0,323.4,41983,13544210.6
NICA,2026-07-14,329.0,329.0,320.0,324.2,24358,7875072.3
NICA,2026-07-15,330.0,331.0,321.1,329.9,29988,9750741.5
NICA,2026-07-16,330.0,331.0,325.0,325.1,21138,6926183.0
NICA,2026-07-17,331.0,341.9,327.0,339.7,43198,14423610.0
NICA,2026-07-20,323.0,348.0,323.0,342.1,73386,25121794.2
NICA,2026-07-21,325.0,349.0,325.0,342.0,56528,19364349.1
NICA,2026-07-22,342.0,343.0,336.2,340.9,45184,15386691.1
NICA,2026-07-23,324.0,349.0,324.0,341.0,32463,10960211.2
NICA,2026-07-24,334.2,349.5,334.2,344.2,91081,31497386.8
NICA,2026-07-27,344.0,353.5,337.0,340.0,138033,47617496.7
NICA,2026-07-28,340.0,342.5,332.0,340.0,89521,30132749.1
NICA,2026-07-29,345.0,345.0,335.0,338.9,37161,12537510.6
NICA,2026-07-30,322.0,351.7,322.0,339.9,40428,13635510.3
NICA,2026-07-31,335.0,340.0,335.0,336.1,26479,8932741.3
MBL,2026-07-13,245.0,245.8,243.0,243.8,76458,18668670.3
MBL,2026-07-14,246.0,246.0,240.2,244.8,47568,11590700.8
MBL,2026-07-15,244.8,247.5,244.8,246.9,30575,7528333.9
MBL,2026-07-16,247.0,250.0,244.8,248.0,40714,10041178.1
MBL,2026-07-17,249.9,255.0,247.0,255.0,113446,28644025.3
MBL,2026-07-20,262.0,262.0,251.0,258.1,97419,24880390.5
MBL,2026-07-21,250.0,259.9,250.0,255.5,83782,21396343.5
MBL,2026-07-22,254.3,255.0,250.6,254.0,71269,17998123.9
MBL,2026-07-23,242.0,259.9,242.0,255.0,70137,17769500.3
MBL,2026-07-24,250.8,260.0,250.8,259.9,90145,23271216.9
MBL,2026-07-27,259.0,265.5,257.9,260.5,289999,76083702.1
MBL,2026-07-28,273.5,273.5,256.1,261.0,129578,33566583.8
MBL,2026-07-29,263.0,265.0,258.0,259.0,79615,20815702.9
MBL,2026-07-30,246.1,261.0,246.1,257.0,95668,24557610.9
MBL,2026-07-31,257.9,259.9,254.0,259.2,54081,13926580.8
SANIMA,2026-07-13,350.0,354.0,344.0,344.0,124457,43097068.8
SANIMA,2026-07-14,345.0,349.0,344.1,345.0,109853,37961376.1
SANIMA,2026-07-15,348.0,351.8,348.0,350.5,43142,15079635.5
SANIMA,2026-07-16,352.9,353.0,348.0,350.0,50971,17855284.5
SANIMA,2026-07-17,350.1,361.0,350.1,361.0,54196,19414277.1
SANIMA,2026-07-20,361.0,365.9,358.2,362.5,46296,16823233.3
SANIMA,2026-07-21,363.0,371.0,363.0,368.0,112394,41263677.9
SANIMA,2026-07-22,365.0,372.0,362.7,367.3,59752,21949635.2
SANIMA,2026-07-23,367.9,367.9,363.4,366.0,24603,8999682.7
SANIMA,2026-07-24,366.0,372.5,365.1,372.0,100183,37149051.0
SANIMA,2026-07-27,390.6,390.6,372.2,373.0,225720,84951082.1
SANIMA,2026-07-28,370.4,375.0,368.0,369.5,118951,44184926.1
SANIMA,2026-07-29,368.5,375.1,368.0,372.7,118077,44082849.5
SANIMA,2026-07-30,375.0,375.0,369.1,370.9,58989,21884740.8
SANIMA,2026-07-31,370.8,374.0,366.1,372.7,63629,23628260.0
NMB,2026-07-13,240.0,240.0,235.0,235.9,24649,5805835.1
NMB,2026-07-14,235.0,238.4,234.0,235.0,29198,6873442.6
NMB,2026-07-15,237.0,239.8,235.3,236.6,115664,27455144.6
NMB,2026-07-16,241.5,241.5,236.1,239.5,13630,3239543.4
NMB,2026-07-17,241.6,245.9,237.0,245.0,24088,5863204.6
NMB,2026-07-20,233.0,247.0,233.0,246.0,52880,12928566.8
NMB,2026-07-21,246.0,247.3,243.2,244.9,45808,11230280.3
NMB,2026-07-22,243.0,245.7,240.7,243.9,31540,7687434.1
NMB,2026-07-23,232.0,245.0,232.0,243.1,26596,6467159.2
NMB,2026-07-24,241.8,249.0,241.8,247.1,60861,15022524.2
NMB,2026-07-27,235.0,268.0,235.0,250.2,178915,45956878.6
NMB,2026-07-28,237.9,251.0,237.9,249.2,33409,8316922.3
NMB,2026-07-29,247.0,252.0,247.0,248.0,45491,11326413.5
NMB,2026-07-30,246.0,253.0,246.0,248.6,29716,7359724.2
NMB,2026-07-31,250.0,250.0,245.1,249.9,31804,7898569.7
PRVU,2026-07-13,180.0,193.0,180.0,188.0,87711,16503802.5
PRVU,2026-07-14,190.0,190.8,186.6,188.0,86426,16312252.9
PRVU,2026-07-15,188.0,190.9,188.0,189.5,70069,13284279.5
PRVU,2026-07-16,190.0,192.0,188.5,189.6,55989,10611610.8
PRVU,2026-07-17,191.1,197.2,191.1,197.0,146628,28520743.9
PRVU,2026-07-20,197.0,199.5,195.0,198.5,168988,33455069.5
PRVU,2026-07-21,208.0,208.0,196.0,197.2,159581,31676787.9
PRVU,2026-07-22,194.0,198.0,194.0,195.0,111920,21883646.4
PRVU,2026-07-23,186.0,199.0,186.0,195.9,72972,14229564.0
PRVU,2026-07-24,197.9,202.7,196.0,199.9,361992,72537414.6
PRVU,2026-07-27,200.0,204.9,196.9,198.0,274515,55108935.8
PRVU,2026-07-28,199.0,199.8,196.2,198.0,104849,20747044.3
PRVU,2026-07-29,207.0,207.0,193.0,195.7,130120,25593903.5
PRVU,2026-07-30,186.0,197.9,186.0,195.4,87233,16987062.2
PRVU,2026-07-31,187.7,197.4,187.7,196.5,70601,13797552.1
GBIME,2026-07-13,239.3,240.0,237.2,237.5,137598,32734085.6
GBIME,2026-07-14,238.0,241.0,235.0,237.2,201957,48056337.5
GBIME,2026-07-15,240.0,240.9,238.0,239.7,64301,15359712.0
GBIME,2026-07-16,242.0,242.8,238.5,240.0,55035,13231217.9
GBIME,2026-07-17,242.8,247.9,241.0,246.0,98871,24138563.3
GBIME,2026-07-20,246.0,247.4,243.5,245.0,82844,20313382.3
GBIME,2026-07-21,248.5,248.5,243.3,246.9,119856,29478360.4
GBIME,2026-07-22,245.0,263.0,242.2,247.2,136705,33910569.3
GBIME,2026-07-23,235.0,253.0,235.0,249.0,105646,26034018.0
GBIME,2026-07-24,247.9,250.8,246.0,249.5,177663,44299787.7
GBIME,2026-07-27,238.0,267.8,238.0,255.0,1089231,281395378.6
GBIME,2026-07-28,255.0,262.4,251.1,259.4,648297,167837439.0
GBIME,2026-07-29,253.5,261.0,253.5,256.9,375124,96646477.0
GBIME,2026-07-30,244.1,263.0,244.1,256.0,286885,73871650.9
GBIME,2026-07-31,254.0,265.0,252.0,262.0,588735,153254623.4
CZBIL,2026-07-13,195.0,195.5,192.1,193.5,39954,7756641.1
CZBIL,2026-07-14,195.8,195.8,192.0,195.0,25872,5021484.5
CZBIL,2026-07-15,199.0,199.0,195.0,196.8,21740,4257530.0
CZBIL,2026-07-16,197.9,198.0,194.0,196.9,30884,6067988.5
CZBIL,2026-07-17,200.0,203.5,197.3,203.0,66602,13428711.0
CZBIL,2026-07-20,193.0,205.5,193.0,204.9,41197,8398588.7
CZBIL,2026-07-21,195.0,206.7,195.0,203.5,52657,10786867.7
CZBIL,2026-07-22,200.5,203.7,200.0,203.0,29829,6024188.7
CZBIL,2026-07-23,193.0,209.0,193.0,204.5,17761,3609533.1
CZBIL,2026-07-24,206.0,209.7,204.0,209.4,135021,28097893.3
CZBIL,2026-07-27,199.0,215.0,199.0,208.0,164940,34881812.6
CZBIL,2026-07-28,207.0,209.0,205.1,208.0,50968,10513494.2
CZBIL,2026-07-29,218.4,218.4,205.0,206.9,82254,16927958.2
CZBIL,2026-07-30,196.6,208.9,196.6,205.9,74445,15285237.1
CZBIL,2026-07-31,203.1,208.6,203.1,207.9,36995,7626483.9
PCBL,2026-07-13,232.0,232.9,230.0,231.6,54916,12668211.9
PCBL,2026-07-14,231.0,232.6,229.1,229.2,46844,10797990.2
PCBL,2026-07-15,231.0,235.0,230.4,232.0,25011,5789852.6
PCBL,2026-07-16,231.0,239.9,231.0,239.9,64646,15177177.8
PCBL,2026-07-17,238.8,242.1,236.7,242.0,32748,7889187.3
PCBL,2026-07-20,230.0,248.2,230.0,242.5,33893,8257057.9
PCBL,2026-07-21,243.0,245.0,239.5,242.7,47015,11396798.9
PCBL,2026-07-22,243.0,243.0,238.0,239.0,19541,4675504.0
PCBL,2026-07-23,227.1,244.9,227.1,239.0,29928,7124140.1
PCBL,2026-07-24,239.0,245.0,238.0,243.0,92403,22526461.5
PCBL,2026-07-27,230.9,248.9,230.9,243.0,107176,26325263.0
PCBL,2026-07-28,243.0,245.0,241.3,242.0,66306,16118971.3
PCBL,2026-07-29,238.5,244.4,238.5,241.9,142194,34218301.7
PCBL,2026-07-30,230.0,244.0,230.0,241.5,40879,9887544.9
PCBL,2026-07-31,240.1,247.0,240.1,247.0,100424,24559123.0
ADBL,2026-07-13,301.0,304.8,301.0,302.5,24807,7508426.0
ADBL,2026-07-14,305.0,305.0,301.2,303.0,23635,7163140.4
ADBL,2026-07-15,306.0,306.4,302.0,303.0,27903,8453972.1
ADBL,2026-07-16,303.1,309.0,303.1,309.0,21483,6573100.5
ADBL,2026-07-17,309.0,312.9,305.2,311.0,29794,9275758.1
ADBL,2026-07-20,296.0,315.0,296.0,312.8,11892,3714656.1
ADBL,2026-07-21,314.9,319.0,310.0,314.0,39052,12310082.9
ADBL,2026-07-22,314.0,320.0,310.2,318.9,79891,25343030.0
ADBL,2026-07-23,310.0,325.0,310.0,317.0,19009,5996917.5
ADBL,2026-07-24,317.0,321.4,316.0,320.0,113909,36395473.4
ADBL,2026-07-27,304.0,329.0,304.0,322.0,84053,27182336.2
ADBL,2026-07-28,320.0,323.5,318.2,320.5,109926,35140963.2
ADBL,2026-07-29,323.0,323.0,318.1,321.1,114885,36838064.4
ADBL,2026-07-30,306.0,325.0,306.0,320.0,44241,14142952.3
ADBL,2026-07-31,318.2,324.0,317.3,322.5,147317,47517908.7
NBL,2026-07-13,266.9,266.9,260.0,261.0,40020,10465691.7
NBL,2026-07-14,267.9,267.9,256.0,260.0,91968,23913516.6
NBL,2026-07-15,265.0,265.0,258.5,259.9,31214,8146875.6
NBL,2026-07-16,264.0,265.0,260.1,261.6,38995,10219088.6
NBL,2026-07-17,265.3,270.0,264.0,266.6,42394,11330334.9
NBL,2026-07-20,253.3,272.0,253.3,269.0,30541,8216730.7
NBL,2026-07-21,272.0,272.0,265.0,269.0,27376,7361737.6
NBL,2026-07-22,269.0,269.5,265.1,268.9,29103,7799413.4
NBL,2026-07-23,268.9,269.6,265.2,269.0,28186,7541076.8
NBL,2026-07-24,271.0,274.0,265.2,272.0,72549,19719640.9
NBL,2026-07-27,258.4,275.3,258.4,270.0,107737,29356830.8
NBL,2026-07-28,268.2,272.0,268.2,271.9,154284,41676220.6
NBL,2026-07-29,274.0,274.0,269.1,272.0,46665,12640167.2
NBL,2026-07-30,259.0,274.0,259.0,270.0,55675,14903895.5
NBL,2026-07-31,266.0,272.0,265.6,270.3,38421,10331135.3
KSBBL,2026-07-13,468.5,470.0,467.0,468.0,21045,9832422.2
KSBBL,2026-07-14,463.0,470.0,463.0,470.0,22414,10471769.5
KSBBL,2026-07-15,480.0,482.0,469.0,470.0,11263,5303436.7
KSBBL,2026-07-16,470.4,474.0,467.0,474.0,65907,30880614.7
KSBBL,2026-07-17,475.0,487.5,475.0,485.8,12637,6101704.4
KSBBL,2026-07-20,490.0,500.0,485.1,488.4,53127,26101284.2
KSBBL,2026-07-21,488.0,493.0,485.0,490.0,69100,33823969.8
KSBBL,2026-07-22,494.0,494.7,485.3,486.0,10178,4958766.7
KSBBL,2026-07-23,488.8,488.8,480.0,488.0,16398,7935303.2
KSBBL,2026-07-24,485.0,491.0,485.0,488.6,17265,8431286.9
KSBBL,2026-07-27,489.0,493.0,485.0,485.1,13245,6466828.9
KSBBL,2026-07-28,489.7,489.7,480.1,486.0,14418,6978027.9
KSBBL,2026-07-29,487.8,487.8,482.8,482.8,22894,11089340.8
KSBBL,2026-07-30,484.9,484.9,472.0,479.0,20940,9992417.0
KSBBL,2026-07-31,475.1,485.0,472.1,478.0,18173,8662239.3
JBBL,2026-07-13,340.0,341.9,332.2,333.0,31072,10390388.7
JBBL,2026-07-14,335.0,342.0,328.2,337.5,23179,7714315.3
JBBL,2026-07-15,339.0,345.1,339.0,342.2,33725,11567524.9
JBBL,2026-07-16,343.0,345.9,338.2,339.0,8028,2727371.4
JBBL,2026-07-17,336.0,351.9,335.0,349.7,23039,7991251.0
JBBL,2026-07-20,350.0,357.5,347.0,357.0,62902,22168086.9
JBBL,2026-07-21,357.0,357.0,351.0,354.0,32674,11558923.4
JBBL,2026-07-22,355.0,355.0,349.0,349.0,36222,12735985.7
JBBL,2026-07-23,354.0,359.0,346.1,359.0,28328,9951522.8
JBBL,2026-07-24,354.0,364.5,354.0,364.1,96275,34822964.4
JBBL,2026-07-27,360.1,366.0,346.0,348.0,79116,28208248.1
JBBL,2026-07-28,352.0,354.5,348.0,349.6,28138,9842773.5
JBBL,2026-07-29,345.4,354.0,345.4,347.2,26253,9180520.3
JBBL,2026-07-30,345.1,349.8,345.1,345.5,23798,8266170.9
JBBL,2026-07-31,344.0,348.0,343.0,347.1,23080,7997315.2
SHINE,2026-07-13,398.0,399.4,396.0,397.0,15517,6160025.0
SHINE,2026-07-14,397.0,398.9,395.3,396.9,21030,8344958.1
SHINE,2026-07-15,397.5,402.3,397.0,397.5,14499,5777047.2
SHINE,2026-07-16,417.3,417.3,395.0,415.0,22436,9085960.9
SHINE,2026-07-17,412.5,413.9,407.0,413.9,18100,7448786.1
SHINE,2026-07-20,414.0,425.0,412.0,419.0,33213,13891193.0
SHINE,2026-07-21,416.0,423.0,412.0,415.9,22547,9401450.4
SHINE,2026-07-22,415.9,415.9,412.0,414.0,22529,9321601.8
SHINE,2026-07-23,414.0,417.0,410.0,417.0,11786,4871299.8
SHINE,2026-07-24,420.0,421.7,417.0,417.5,23905,10017289.6
SHINE,2026-07-27,420.9,420.9,414.0,415.0,23408,9753117.8
SHINE,2026-07-28,414.0,415.0,410.0,414.5,24040,9921398.4
SHINE,2026-07-29,414.5,414.9,411.6,412.4,6351,2620721.9
SHINE,2026-07-30,410.0,414.5,407.0,410.0,13148,5384487.0
SHINE,2026-07-31,410.0,413.0,406.0,413.0,10540,4331621.0
MNBBL,2026-07-13,362.0,364.9,359.1,360.0,33147,11946651.3
MNBBL,2026-07-14,362.8,364.0,357.4,360.0,31081,11187093.9
MNBBL,2026-07-15,361.1,366.0,361.1,362.4,15584,5682867.2
MNBBL,2026-07-16,362.4,367.9,362.0,362.9,12086,4402919.3
MNBBL,2026-07-17,369.8,371.8,365.0,370.0,23996,8835877.2
MNBBL,2026-07-20,373.0,376.1,370.1,376.0,25911,9690320.3
MNBBL,2026-07-21,376.8,379.9,372.0,376.0,41586,15636744.9
MNBBL,2026-07-22,376.5,377.5,372.0,372.0,28844,10789845.0
MNBBL,2026-07-23,370.0,377.0,368.1,377.0,25308,9431469.2
MNBBL,2026-07-24,379.0,380.0,375.1,377.0,25623,9673232.8
MNBBL,2026-07-27,365.0,380.0,365.0,375.0,25680,9673019.2
MNBBL,2026-07-28,375.0,376.9,371.1,372.2,10581,3943097.8
MNBBL,2026-07-29,374.0,374.0,370.0,371.2,20289,7524479.3
MNBBL,2026-07-30,372.0,375.0,369.0,370.0,22877,8456104.9
MNBBL,2026-07-31,371.8,372.9,368.0,370.7,29292,10884406.7
LBBL,2026-07-13,481.3,489.0,470.0,470.2,36405,17325488.7
LBBL,2026-07-14,480.0,480.0,469.1,479.9,21468,10147355.7
LBBL,2026-07-15,482.0,485.5,477.2,484.0,23861,11498896.7
LBBL,2026-07-16,508.2,508.2,474.0,483.4,31140,14859230.7
LBBL,2026-07-17,485.0,496.0,481.4,495.0,23295,11469817.1
LBBL,2026-07-20,494.9,505.0,487.0,500.0,57160,28544751.2
LBBL,2026-07-21,510.0,510.0,491.0,498.0,56618,28143614.7
LBBL,2026-07-22,494.2,498.0,493.5,495.5,37047,18366979.3
LBBL,2026-07-23,491.2,502.0,491.0,502.0,53082,26288817.5
LBBL,2026-07-24,497.0,515.0,497.0,510.0,137489,69903533.0
LBBL,2026-07-27,510.0,514.9,497.0,502.9,57304,28865297.5
LBBL,2026-07-28,498.0,504.0,492.4,499.9,27651,13754331.7
LBBL,2026-07-29,491.1,500.5,491.1,495.0,36458,18091461.0
LBBL,2026-07-30,488.3,499.8,488.3,490.2,36940,18131554.0
LBBL,2026-07-31,488.0,496.0,487.0,496.0,20417,10072529.1
EDBL,2026-07-13,585.0,638.0,551.0,560.0,131010,76280213.2
EDBL,2026-07-14,560.0,563.3,549.0,560.5,49491,27700921.6
EDBL,2026-07-15,573.0,573.0,561.5,561.5,880,494720.0
EDBL,2026-07-16,578.0,578.0,560.1,561.3,2995,1684935.5
EDBL,2026-07-17,578.0,583.0,573.0,577.0,2872,1662273.0
EDBL,2026-07-20,577.0,584.9,576.0,584.0,2464,1432131.0
EDBL,2026-07-21,588.0,590.0,577.0,578.0,8979,5235581.8
EDBL,2026-07-22,586.0,586.0,575.0,583.0,5908,3436811.0
EDBL,2026-07-23,576.0,585.0,576.0,580.1,2458,1425993.9
EDBL,2026-07-24,586.9,588.0,576.1,581.5,13509,7886740.1
EDBL,2026-07-27,581.0,582.0,575.1,575.5,12084,6982218.4
EDBL,2026-07-28,573.0,580.0,570.0,580.0,21771,12520694.4
EDBL,2026-07-29,580.1,580.3,578.0,579.0,6434,3730859.5
EDBL,2026-07-30,573.0,576.0,573.0,574.0,5265,3031720.8
EDBL,2026-07-31,574.1,582.0,572.0,579.0,6814,3941375.1
MLBL,2026-07-13,345.1,345.1,341.1,343.0,13825,4735095.0
MLBL,2026-07-14,340.1,346.9,340.1,344.5,9655,3319284.0
MLBL,2026-07-15,350.0,351.0,343.3,350.0,7687,2669156.2
MLBL,2026-07-16,355.8,355.8,346.0,346.0,4387,1529794.4
MLBL,2026-07-17,353.0,360.5,350.0,360.5,20242,7221791.4
MLBL,2026-07-20,360.0,365.0,357.0,364.6,28740,10405345.3
MLBL,2026-07-21,366.9,366.9,358.3,361.0,25201,9125559.7
MLBL,2026-07-22,364.9,364.9,355.5,358.9,10084,3599733.9
MLBL,2026-07-23,355.7,360.0,355.0,360.0,13600,4847887.9
MLBL,2026-07-24,365.0,365.0,360.0,364.0,29485,10723825.9
MLBL,2026-07-27,366.8,367.7,358.0,358.0,45835,16675260.0
MLBL,2026-07-28,355.5,360.0,355.4,356.1,8796,3132906.3
MLBL,2026-07-29,356.1,358.9,354.5,358.0,12719,4521822.8
MLBL,2026-07-30,355.1,357.8,352.4,352.9,8814,3116683.2
MLBL,2026-07-31,352.9,359.0,350.4,357.0,10082,3570827.7
SADBL,2026-07-13,397.4,404.0,396.0,398.0,8990,3571914.5
SADBL,2026-07-14,378.1,404.4,378.1,396.1,11565,4597207.9
SADBL,2026-07-15,397.0,405.0,397.0,400.0,6211,2484079.7
SADBL,2026-07-16,420.0,420.0,390.0,404.0,9045,3624101.9
SADBL,2026-07-17,410.0,414.0,404.0,413.7,25726,10578593.3
SADBL,2026-07-20,413.9,422.0,408.0,422.0,27336,11433670.4
SADBL,2026-07-21,422.8,425.0,413.1,425.0,36314,15267198.9
SADBL,2026-07-22,423.1,428.9,421.7,425.0,60018,25470124.6
SADBL,2026-07-23,425.0,427.0,420.0,427.0,21539,9121327.4
SADBL,2026-07-24,424.0,431.0,422.1,426.3,48901,20845753.5
SADBL,2026-07-27,422.1,428.9,417.1,417.6,29119,12276909.0
SADBL,2026-07-28,417.0,420.0,414.3,416.1,13423,5607234.0
SADBL,2026-07-29,416.5,421.0,415.0,418.0,13565,5680387.5
SADBL,2026-07-30,415.0,419.0,413.3,413.6,17721,7362386.5
SADBL,2026-07-31,415.0,419.5,410.0,417.5,40797,16796313.7
GRDBL,2026-07-13,1049.0,1049.0,1013.0,1027.0,10975,11187266.7
GRDBL,2026-07-14,1027.0,1040.0,1000.0,1020.0,11619,11826762.4
GRDBL,2026-07-15,1010.1,1124.5,1010.1,1053.0,21518,22386821.6
GRDBL,2026-07-16,1000.4,1061.3,1000.4,1038.9,4462,4607811.0
GRDBL,2026-07-17,1059.8,1059.8,1032.5,1058.0,6687,7010819.2
GRDBL,2026-07-20,1110.0,1110.0,1051.0,1088.0,34396,37272266.2
GRDBL,2026-07-21,1055.5,1098.9,1055.5,1077.0,6926,7477627.9
GRDBL,2026-07-22,1030.0,1089.0,1030.0,1078.0,16288,17470813.5
GRDBL,2026-07-23,1024.1,1097.0,1024.1,1085.0,10852,11686422.7
GRDBL,2026-07-24,1130.0,1130.0,1054.1,1088.0,14563,15784724.7
GRDBL,2026-07-27,1033.6,1112.0,1033.6,1074.0,6239,6717550.4
GRDBL,2026-07-28,1050.0,1079.7,1045.0,1068.0,5015,5362250.8
GRDBL,2026-07-29,1121.0,1121.0,1054.9,1071.9,4213,4480100.2
GRDBL,2026-07-30,1059.0,1074.8,1053.0,1063.0,15731,16762139.7
GRDBL,2026-07-31,1083.0,1083.0,1052.0,1072.0,11399,12207769.5
MDB,2026-07-13,566.2,574.0,565.2,572.5,5241,2975547.8
MDB,2026-07-14,561.0,583.5,558.0,583.5,6030,3399345.1
MDB,2026-07-15,578.3,579.0,572.7,575.0,4181,2410539.2
MDB,2026-07-16,568.0,582.0,568.0,582.0,7145,4080108.6
MDB,2026-07-17,583.0,596.6,583.0,596.6,5260,3104722.8
MDB,2026-07-20,600.0,602.9,590.0,600.0,8917,5323071.9
MDB,2026-07-21,594.0,600.0,591.5,594.2,8366,4990571.5
MDB,2026-07-22,590.0,594.8,585.5,587.0,2717,1603216.4
MDB,2026-07-23,600.5,600.5,585.0,593.9,2529,1488501.9
MDB,2026-07-24,612.0,635.5,583.1,602.0,29104,17791169.8
MDB,2026-07-27,601.0,602.0,586.1,595.0,6678,3973401.0
MDB,2026-07-28,595.0,595.0,580.0,593.0,4409,2580375.0
MDB,2026-07-29,570.0,598.0,570.0,590.0,2683,1583708.8
MDB,2026-07-30,570.0,640.0,570.0,584.0,4005,2342862.0
MDB,2026-07-31,580.0,589.9,580.0,586.0,4205,2459485.5
GBBL,2026-07-13,397.3,399.9,396.1,396.1,30805,12249071.3
GBBL,2026-07-14,395.3,402.0,395.3,396.0,20111,7997546.1
GBBL,2026-07-15,402.0,403.9,397.7,400.0,37105,14809462.0
GBBL,2026-07-16,403.0,405.0,398.0,403.8,19856,7928442.6
GBBL,2026-07-17,406.0,411.0,400.0,411.0,21076,8583583.5
GBBL,2026-07-20,412.0,426.0,408.1,421.0,59719,25048137.7
GBBL,2026-07-21,421.0,426.5,419.1,423.9,78160,33021570.3
GBBL,2026-07-22,420.0,425.0,417.3,421.5,32780,13772109.6
GBBL,2026-07-23,420.0,421.0,415.0,420.0,26242,10980390.9
GBBL,2026-07-24,416.6,426.0,416.6,426.0,64896,27485808.0
GBBL,2026-07-27,405.0,431.0,405.0,419.0,68856,29161799.8
GBBL,2026-07-28,400.0,422.5,400.0,418.0,19611,8212701.5
GBBL,2026-07-29,416.0,422.9,416.0,422.0,54582,22989617.0
GBBL,2026-07-30,420.0,425.0,417.6,419.0,11431,4791860.4
GBBL,2026-07-31,412.5,420.8,412.5,420.0,13519,5653579.4
CFCL,2026-07-13,607.0,615.0,590.0,600.1,156070,93901289.3
CFCL,2026-07-14,610.0,610.0,590.0,604.5,47824,28857071.0
CFCL,2026-07-15,634.7,634.7,592.0,609.9,49009,29895545.1
CFCL,2026-07-16,604.0,616.0,604.0,608.9,36063,22003260.6
CFCL,2026-07-17,614.7,631.8,607.0,631.6,123942,77658529.6
CFCL,2026-07-20,601.0,640.8,601.0,636.0,69994,44367240.8
CFCL,2026-07-21,605.0,647.0,605.0,633.0,110669,70593090.5
CFCL,2026-07-22,602.0,650.8,602.0,641.3,113396,72910401.4
CFCL,2026-07-23,610.0,660.0,610.0,649.9,110432,71245102.5
CFCL,2026-07-24,627.0,667.0,627.0,657.2,182999,120331669.7
CFCL,2026-07-27,624.4,682.8,624.4,660.0,238752,159990517.0
CFCL,2026-07-28,627.0,699.0,627.0,654.2,413605,271417307.0
CFCL,2026-07-29,686.0,686.0,641.0,642.5,258051,167322312.2
CFCL,2026-07-30,611.0,661.7,611.0,660.1,133292,87163901.2
CFCL,2026-07-31,627.1,675.0,627.1,662.0,223631,148361078.6
ICFC,2026-07-13,592.0,597.9,588.0,588.0,10251,6052026.2
ICFC,2026-07-14,588.0,597.0,580.0,596.6,10105,5956251.0
ICFC,2026-07-15,600.0,605.0,591.0,600.0,5568,3319439.7
ICFC,2026-07-16,592.0,600.0,585.0,589.0,9136,5408941.5
ICFC,2026-07-17,605.0,609.8,595.1,608.5,10767,6492147.4
ICFC,2026-07-20,609.0,621.0,609.0,619.5,4928,3031547.5
ICFC,2026-07-21,619.1,625.0,614.0,622.0,7446,4608978.9
ICFC,2026-07-22,620.0,622.0,615.0,618.0,5520,3416259.0
ICFC,2026-07-23,611.5,622.0,611.5,620.0,5166,3191790.2
ICFC,2026-07-24,611.1,629.0,611.1,628.0,9051,5646937.7
ICFC,2026-07-27,628.0,628.0,613.0,613.0,4344,2690159.2
ICFC,2026-07-28,615.0,619.9,610.2,613.1,3418,2096669.1
ICFC,2026-07-29,619.9,625.0,610.1,618.0,10039,6206672.5
ICFC,2026-07-30,618.0,618.0,612.7,613.0,1785,1095005.9
ICFC,2026-07-31,610.1,614.1,607.0,613.0,3306,2015303.0
MFIL,2026-07-13,770.0,775.0,765.1,769.8,20676,15867437.2
MFIL,2026-07-14,760.0,770.0,759.0,767.8,46256,35483122.6
MFIL,2026-07-15,730.0,779.9,730.0,777.0,47072,36482890.0
MFIL,2026-07-16,750.0,867.0,750.0,772.0,13195,10185319.2
MFIL,2026-07-17,789.0,803.0,780.1,800.0,116210,92570180.4
MFIL,2026-07-20,800.0,810.0,782.0,802.0,65980,52728028.9
MFIL,2026-07-21,780.0,800.0,780.0,793.9,31009,24628218.9
MFIL,2026-07-22,772.0,800.0,772.0,800.0,41644,33115475.3
MFIL,2026-07-23,775.0,799.8,775.0,797.0,11906,9433854.1
MFIL,2026-07-24,777.0,799.0,777.0,795.9,27905,22159460.6
MFIL,2026-07-27,770.0,835.0,770.0,787.0,43541,34447786.4
MFIL,2026-07-28,775.0,795.0,775.0,791.9,79785,63158112.1
MFIL,2026-07-29,777.0,794.3,777.0,791.8,64463,50906774.6
MFIL,2026-07-30,772.0,790.0,772.0,788.0,31079,24475808.0
MFIL,2026-07-31,760.0,790.0,760.0,788.0,24102,18842822.0
GUFL,2026-07-13,546.0,546.0,537.0,538.5,6731,3644802.0
GUFL,2026-07-14,530.0,557.0,529.0,546.9,10963,5866458.4
GUFL,2026-07-15,550.0,550.0,540.1,543.0,5311,2893491.3
GUFL,2026-07-16,545.0,549.0,540.0,540.0,2429,1320620.0
GUFL,2026-07-17,555.5,560.0,549.9,559.0,15375,8562102.5
GUFL,2026-07-20,560.0,572.1,560.0,572.1,15009,8522831.9
GUFL,2026-07-21,572.0,575.1,560.0,565.0,15007,8498994.6
GUFL,2026-07-22,560.0,575.0,560.0,565.0,11325,6444589.7
GUFL,2026-07-23,575.0,575.0,550.1,564.0,10684,5974729.3
GUFL,2026-07-24,559.0,570.0,557.0,557.0,5322,2986153.7
GUFL,2026-07-27,566.9,594.9,566.9,578.5,157711,91928358.8
GUFL,2026-07-28,588.0,597.0,579.0,584.0,66026,38800523.4
GUFL,2026-07-29,584.0,590.0,573.0,579.0,24743,14368921.2
GUFL,2026-07-30,576.4,582.9,570.0,575.0,19640,11255225.1
GUFL,2026-07-31,570.0,579.0,569.0,572.0,32720,18711691.9
PROFL,2026-07-13,430.0,430.0,423.0,423.0,5570,2373355.7
PROFL,2026-07-14,422.5,427.9,415.0,425.0,5510,2319949.8
PROFL,2026-07-15,426.0,433.5,425.0,430.0,10047,4325721.7
PROFL,2026-07-16,451.5,451.5,427.0,433.0,3120,1345250.0
PROFL,2026-07-17,438.0,445.0,438.0,444.0,6840,3027061.0
PROFL,2026-07-20,444.0,450.0,442.0,449.4,6463,2885799.0
PROFL,2026-07-21,441.0,450.0,439.2,440.0,7800,3445345.0
PROFL,2026-07-22,448.7,449.2,439.0,444.0,6781,3021539.5
PROFL,2026-07-23,446.0,446.0,437.0,443.5,4575,2008868.3
PROFL,2026-07-24,441.0,451.0,432.7,444.0,8738,3877656.7
PROFL,2026-07-27,450.0,450.0,434.0,437.9,5805,2544748.6
PROFL,2026-07-28,437.0,443.2,428.0,437.0,8160,3531148.2
PROFL,2026-07-29,437.0,444.0,430.0,432.0,5664,2462073.4
PROFL,2026-07-30,437.9,437.9,428.0,434.0,3009,1292955.0
PROFL,2026-07-31,430.0,436.9,430.0,433.0,4539,1972332.0
RLFL,2026-07-13,464.0,464.0,442.0,450.0,19127,8614651.5
RLFL,2026-07-14,450.0,454.0,440.0,451.0,12621,5641550.5
RLFL,2026-07-15,440.0,460.0,440.0,454.9,25070,11422509.9
RLFL,2026-07-16,459.0,467.5,448.3,450.0,31854,14444476.7
RLFL,2026-07-17,462.0,471.0,455.6,470.0,31609,14752288.1
RLFL,2026-07-20,470.0,477.8,465.5,475.0,42873,20227737.1
RLFL,2026-07-21,470.0,484.0,465.0,465.2,50923,24076107.6
RLFL,2026-07-22,470.0,482.0,466.3,473.0,57262,27221584.1
RLFL,2026-07-23,490.0,490.0,460.0,479.0,32135,15158532.0
RLFL,2026-07-24,500.0,500.0,471.0,471.0,46706,22336280.3
RLFL,2026-07-27,484.0,484.0,465.1,469.0,52582,24990505.8
RLFL,2026-07-28,474.0,474.0,463.0,470.0,19694,9223254.1
RLFL,2026-07-29,462.6,472.9,462.6,463.0,13545,6328893.3
RLFL,2026-07-30,470.9,470.9,457.0,465.0,13971,6453145.0
RLFL,2026-07-31,460.0,469.5,459.0,465.0,11226,5186167.2
PFL,2026-06-19,366.0,377.0,365.3,370.0,7118,2622609.6
PFL,2026-06-22,366.0,376.9,366.0,373.0,2903,1077777.6
PFL,2026-06-23,355.5,377.0,355.5,368.0,3606,1329744.8
PFL,2026-06-24,366.1,370.0,359.0,365.0,7337,2669914.2
PFL,2026-06-25,361.0,370.0,361.0,364.0,1484,540615.6
PFL,2026-06-26,364.0,376.9,362.7,366.0,5346,1968365.7
PFL,2026-06-29,367.0,370.8,355.2,365.0,3665,1321131.6
PFL,2026-06-30,365.0,365.0,356.0,363.7,4839,1748634.4
PFL,2026-07-01,369.8,369.9,358.8,360.0,7048,2555852.0
PFL,2026-07-02,351.6,364.9,351.6,364.9,3357,1204198.2
PFL,2026-07-03,365.0,365.0,360.0,360.0,8158,2949477.9
PFL,2026-07-06,360.0,366.0,359.0,362.0,8394,3045139.0
PFL,2026-07-07,362.0,366.6,361.0,366.0,3451,1256634.5
PFL,2026-07-08,364.0,365.0,358.0,364.0,6597,2377756.5
PFL,2026-07-09,358.0,364.9,355.2,364.0,4397,1575119.8
GFCL,2026-07-13,605.0,610.0,595.1,595.1,7347,4407592.7
GFCL,2026-07-14,595.1,603.9,592.1,600.0,8806,5254476.5
GFCL,2026-07-15,610.0,610.0,600.0,600.0,7926,4783484.3
GFCL,2026-07-16,601.1,609.0,590.1,590.1,7913,4732063.0
GFCL,2026-07-17,600.0,619.6,600.0,619.6,7728,4730915.0
GFCL,2026-07-20,620.0,631.8,620.0,627.9,10603,6634219.3
GFCL,2026-07-21,630.0,633.0,615.5,628.9,12435,7779105.8
GFCL,2026-07-22,615.1,639.9,615.1,633.0,32871,20711906.7
GFCL,2026-07-23,633.0,636.0,625.1,636.0,7712,4874681.9
GFCL,2026-07-24,630.0,632.8,627.0,630.4,6717,4226586.4
GFCL,2026-07-27,630.0,636.0,618.0,618.0,10108,6339787.1
GFCL,2026-07-28,617.0,625.0,616.2,617.7,3144,1943631.0
GFCL,2026-07-29,626.8,626.8,611.0,613.0,5931,3649756.0
GFCL,2026-07-30,624.7,624.7,610.0,612.0,5737,3513573.4
GFCL,2026-07-31,612.0,615.0,603.5,613.1,5156,3149873.5
JFL,2026-07-13,387.0,387.4,377.0,381.0,6869,2615091.5
JFL,2026-07-14,381.0,389.8,378.5,383.2,5939,2281072.8
JFL,2026-07-15,388.0,388.0,385.0,385.0,3719,1437678.2
JFL,2026-07-16,390.0,390.0,383.0,383.0,3435,1326528.5
JFL,2026-07-17,394.0,400.0,394.0,399.0,4090,1626329.2
JFL,2026-07-20,399.0,402.5,395.0,401.9,4910,1957828.0
JFL,2026-07-21,402.0,408.0,392.3,403.9,6318,2530980.3
JFL,2026-07-22,403.0,410.9,403.0,405.5,7555,3073248.4
JFL,2026-07-23,400.1,404.0,395.0,400.0,5347,2129071.9
JFL,2026-07-24,400.1,405.0,395.0,404.0,4548,1825435.7
JFL,2026-07-27,404.0,412.0,399.0,400.0,5971,2419034.1
JFL,2026-07-28,400.0,404.9,391.0,400.0,895,353712.5
JFL,2026-07-29,405.0,405.0,395.2,401.0,1989,788216.0
JFL,2026-07-30,402.9,404.0,393.0,393.0,3495,1382271.4
JFL,2026-07-31,393.0,394.0,390.0,394.0,3470,1359243.0
SFCL,2026-06-19,380.9,381.0,373.4,373.4,7471,2810139.7
SFCL,2026-06-22,372.1,377.0,370.0,375.0,7145,2662907.5
SFCL,2026-06-23,374.0,375.0,369.2,370.0,8237,3051752.0
SFCL,2026-06-24,375.0,376.0,369.0,371.0,6501,2420330.0
SFCL,2026-06-25,375.5,375.5,369.1,371.5,2337,870856.8
SFCL,2026-06-26,371.0,376.0,366.1,366.1,8049,2969444.0
SFCL,2026-06-29,366.1,370.0,364.0,366.0,5203,1904801.0
SFCL,2026-06-30,365.0,370.0,364.5,369.0,6196,2275874.0
SFCL,2026-07-01,371.0,375.0,368.0,373.9,5814,2156373.6
SFCL,2026-07-02,370.0,378.0,370.0,375.8,6971,2605745.0
SFCL,2026-07-03,375.0,376.0,375.0,376.0,9691,3636503.6
SFCL,2026-07-06,382.0,386.0,377.0,378.0,15378,5867885.6
SFCL,2026-07-07,396.9,396.9,376.0,386.9,4897,1874528.1
SFCL,2026-07-08,367.6,389.6,367.6,375.0,7839,2904931.5
SFCL,2026-07-09,375.0,375.0,368.3,370.0,5290,1957956.0
CHCL,2026-07-13,478.0,480.0,475.0,476.0,12296,5869707.3
CHCL,2026-07-14,499.8,499.8,470.4,477.9,8353,3966676.2
CHCL,2026-07-15,482.0,482.0,476.0,476.1,20387,9760660.7
CHCL,2026-07-16,477.2,480.0,475.1,475.1,14892,7085257.6
CHCL,2026-07-17,484.5,490.0,480.0,487.0,16591,8051833.0
CHCL,2026-07-20,491.0,500.0,480.0,496.0,80871,39512161.5
CHCL,2026-07-21,496.0,496.0,477.4,495.9,70099,34220809.4
CHCL,2026-07-22,493.0,496.0,480.1,495.2,44279,21742810.8
CHCL,2026-07-23,485.1,495.0,485.1,494.0,31454,15502322.8
CHCL,2026-07-24,494.0,496.5,492.0,494.2,35710,17670134.1
CHCL,2026-07-27,495.0,499.5,494.0,496.9,56689,28165580.5
CHCL,2026-07-28,490.5,497.4,490.0,497.0,39946,19795300.6
CHCL,2026-07-29,496.1,497.2,492.0,494.0,79038,39081501.2
CHCL,2026-07-30,494.0,495.9,490.0,495.0,63422,31283175.5
CHCL,2026-07-31,495.0,497.4,492.0,494.1,20369,10096071.6
AKPL,2026-07-13,255.0,255.0,247.0,248.0,56210,13995653.4
AKPL,2026-07-14,247.0,252.4,237.7,249.9,67980,16897274.2
AKPL,2026-07-15,250.0,253.9,250.0,251.5,35137,8836202.4
AKPL,2026-07-16,264.0,264.0,245.0,249.0,48150,12051563.2
AKPL,2026-07-17,252.0,261.7,252.0,261.7,65963,17041664.5
AKPL,2026-07-20,274.7,274.7,260.0,267.5,74585,19827172.1
AKPL,2026-07-21,280.8,280.8,264.0,265.0,67613,18004762.0
AKPL,2026-07-22,263.0,269.0,261.1,267.0,135933,35982215.0
AKPL,2026-07-23,255.0,274.7,255.0,266.0,68149,18066298.7
AKPL,2026-07-24,268.5,268.7,264.0,265.7,58703,15628458.6
AKPL,2026-07-27,268.0,268.0,258.1,259.8,64949,17015938.9
AKPL,2026-07-28,258.2,262.0,258.2,258.5,31048,8049883.8
AKPL,2026-07-29,257.0,261.9,256.6,258.9,34071,8792616.1
AKPL,2026-07-30,255.2,259.8,255.2,256.9,17297,4440634.0
AKPL,2026-07-31,255.9,261.7,254.1,261.7,54673,14113758.5
RADHI,2026-07-13,705.0,724.9,686.2,693.3,43019,30020297.4
RADHI,2026-07-14,705.0,705.0,683.9,695.0,34937,24312836.5
RADHI,2026-07-15,695.0,759.3,695.0,708.0,53843,39440630.1
RADHI,2026-07-16,708.0,718.0,690.3,700.0,24647,17217355.6
RADHI,2026-07-17,735.0,740.0,710.2,737.5,88960,64819967.6
RADHI,2026-07-20,753.0,766.0,733.1,764.9,120520,91164182.7
RADHI,2026-07-21,764.9,779.0,751.0,762.5,121806,92810144.0
RADHI,2026-07-22,745.0,764.0,745.0,745.1,114815,86242604.8
RADHI,2026-07-23,720.0,763.8,720.0,754.0,65510,49005702.7
RADHI,2026-07-24,721.0,766.8,721.0,755.0,114801,87121258.0
RADHI,2026-07-27,720.0,763.2,720.0,740.0,46649,34693969.4
RADHI,2026-07-28,777.0,777.0,725.0,744.0,29341,21544673.6
RADHI,2026-07-29,706.9,748.0,706.9,737.0,30721,22483276.4
RADHI,2026-07-30,700.3,742.0,700.3,724.9,57946,41667973.6
RADHI,2026-07-31,725.0,729.0,714.0,729.0,50725,36464054.1
UPPER,2026-07-13,191.0,192.0,189.0,189.1,104329,19771582.3
UPPER,2026-07-14,189.1,191.9,187.6,191.3,130297,24716798.1
UPPER,2026-07-15,198.0,198.0,191.9,192.0,47635,9169625.4
UPPER,2026-07-16,192.0,194.0,190.0,191.3,44003,8448320.7
UPPER,2026-07-17,200.8,200.8,193.5,199.0,130802,25828650.7
UPPER,2026-07-20,200.0,203.0,197.1,202.5,158748,31962120.6
UPPER,2026-07-21,202.5,203.9,200.2,200.5,101133,20444032.6
UPPER,2026-07-22,190.5,202.0,190.5,199.0,110414,22004045.0
UPPER,2026-07-23,200.0,200.5,198.0,200.1,54695,10899658.3
UPPER,2026-07-24,200.0,201.0,199.3,200.2,85269,17071128.0
UPPER,2026-07-27,200.0,201.6,196.3,197.0,106500,21223075.6
UPPER,2026-07-28,198.9,198.9,195.1,195.5,56333,11063432.7
UPPER,2026-07-29,197.7,198.0,195.1,195.4,48699,9552666.4
UPPER,2026-07-30,196.0,197.8,193.5,194.0,48682,9488543.5
UPPER,2026-07-31,194.0,196.0,193.0,195.5,73985,14379602.7
HDHPC,2026-07-13,205.3,205.5,201.0,202.9,92734,18841893.1
HDHPC,2026-07-14,192.8,207.0,192.8,206.0,74524,15231600.8
HDHPC,2026-07-15,195.7,209.9,195.7,206.0,74341,15358432.5
HDHPC,2026-07-16,206.0,208.0,201.3,203.0,91767,18692621.3
HDHPC,2026-07-17,206.0,217.0,206.0,216.1,208257,44297606.4
HDHPC,2026-07-20,215.0,225.5,214.0,222.0,259206,57306268.2
HDHPC,2026-07-21,222.0,225.5,217.2,220.5,351246,77550247.8
HDHPC,2026-07-22,218.0,222.0,217.1,221.0,181769,39884186.5
HDHPC,2026-07-23,218.1,221.0,216.8,220.8,123561,26982595.8
HDHPC,2026-07-24,217.0,222.9,217.0,218.6,145917,32106974.4
HDHPC,2026-07-27,220.6,222.0,212.5,214.0,180860,39293028.1
HDHPC,2026-07-28,212.0,217.7,211.5,215.9,133774,28715385.5
HDHPC,2026-07-29,217.7,218.0,212.0,214.5,77244,16514711.5
HDHPC,2026-07-30,212.0,215.0,210.5,213.5,76132,16143403.0
HDHPC,2026-07-31,214.0,215.0,208.0,213.7,106601,22631405.7
SHPC,2026-07-13,500.0,500.0,485.0,485.0,29983,14597332.0
SHPC,2026-07-14,482.1,488.0,482.1,484.5,25857,12550237.2
SHPC,2026-07-15,495.0,495.0,486.2,489.0,21804,10705558.9
SHPC,2026-07-16,489.0,492.0,488.0,490.0,44711,21876836.5
SHPC,2026-07-17,499.0,519.9,492.0,513.0,55253,28100089.2
SHPC,2026-07-20,515.0,523.0,508.5,522.9,30319,15744981.9
SHPC,2026-07-21,522.0,528.0,515.0,517.0,26580,13857054.4
SHPC,2026-07-22,517.1,519.0,509.5,512.6,14476,7439521.65
SHPC,2026-07-23,538.0,538.0,507.5,515.9,42994,22519829.7
SHPC,2026-07-24,520.0,525.0,512.1,518.6,38788,20124059.1
SHPC,2026-07-27,515.0,521.0,509.0,509.0,18199,9329178.3
SHPC,2026-07-28,512.0,514.0,508.0,511.0,12002,6127198.4
SHPC,2026-07-29,507.0,514.0,505.3,508.0,9281,4728395.4
SHPC,2026-07-30,506.0,510.0,502.0,505.0,22396,11299987.2
SHPC,2026-07-31,500.0,506.0,498.1,501.0,35056,17535443.8
BPCL,2026-07-13,650.0,650.0,631.0,647.9,29331,18653645.8
BPCL,2026-07-14,680.0,680.0,638.0,638.0,27855,18117091.5
BPCL,2026-07-15,649.0,650.0,640.3,643.0,12870,8286897.6
BPCL,2026-07-16,612.0,668.0,612.0,668.0,37996,24677132.7
BPCL,2026-07-17,650.0,674.9,650.0,671.0,31635,21126401.6
BPCL,2026-07-20,679.8,680.0,669.0,675.0,43844,29582854.0
BPCL,2026-07-21,663.0,689.9,659.8,673.0,41027,27598426.9
BPCL,2026-07-22,640.0,677.9,640.0,671.8,24712,16462005.5
BPCL,2026-07-23,705.3,705.3,656.0,670.9,19529,13010574.1
BPCL,2026-07-24,660.2,674.0,660.0,665.0,34471,22848555.2
BPCL,2026-07-27,645.1,677.0,645.1,665.0,17921,11843090.7
BPCL,2026-07-28,665.0,666.9,655.6,660.0,9502,6262465.0
BPCL,2026-07-29,660.0,661.0,650.2,660.0,22240,14531282.4
BPCL,2026-07-30,693.0,693.0,645.0,650.0,22963,14887351.6
BPCL,2026-07-31,645.0,658.0,640.1,655.5,20139,13011026.0
NHPC,2026-07-13,255.0,255.8,246.1,248.0,163376,40828614.2
NHPC,2026-07-14,251.9,253.6,240.0,247.5,262303,64738820.5
NHPC,2026-07-15,254.9,254.9,242.5,249.9,132466,33170138.7
NHPC,2026-07-16,257.0,257.0,242.6,243.0,169424,41844347.5
NHPC,2026-07-17,245.9,270.0,245.9,269.0,426685,111691344.3
NHPC,2026-07-20,272.0,285.3,262.3,280.0,571209,158905152.3
NHPC,2026-07-21,285.0,287.0,277.0,282.9,659711,186191491.0
NHPC,2026-07-22,297.0,297.0,280.0,285.4,559326,159769607.6
NHPC,2026-07-23,299.0,299.0,281.1,284.0,356524,101220418.3
NHPC,2026-07-24,298.0,298.0,280.0,280.4,320535,90692361.9
NHPC,2026-07-27,272.0,282.0,267.0,269.9,315028,86132254.1
NHPC,2026-07-28,283.0,283.0,265.0,268.0,255472,69046831.9
NHPC,2026-07-29,260.0,273.0,260.0,267.6,131662,35450748.7
NHPC,2026-07-30,260.0,274.0,260.0,265.0,147186,39136899.0
NHPC,2026-07-31,260.0,271.8,260.0,269.4,164645,44107410.0
AHPC,2026-07-13,261.5,261.5,259.2,261.0,71919,18707298.8
AHPC,2026-07-14,257.1,264.5,257.0,262.4,65032,16958624.1
AHPC,2026-07-15,264.8,265.0,262.0,264.3,57964,15281748.6
AHPC,2026-07-16,265.3,265.3,261.1,262.1,37523,9854145.7
AHPC,2026-07-17,266.9,274.9,265.3,271.9,77148,20814722.2
AHPC,2026-07-20,275.0,280.0,270.0,279.1,148502,41102685.6
AHPC,2026-07-21,280.0,283.0,275.1,278.0,112300,31224357.7
AHPC,2026-07-22,278.0,278.0,274.0,275.0,53003,14584223.3
AHPC,2026-07-23,274.9,277.0,270.2,277.0,59319,16201890.2
AHPC,2026-07-24,279.0,279.8,274.0,275.0,46828,12952461.9
AHPC,2026-07-27,274.9,276.4,271.3,271.3,36752,10032431.4
AHPC,2026-07-28,271.5,272.8,268.0,270.0,96286,25967472.5
AHPC,2026-07-29,270.0,270.0,267.6,268.3,34746,9334426.1
AHPC,2026-07-30,267.6,270.0,266.2,267.0,26286,7038160.8
AHPC,2026-07-31,265.0,269.8,265.0,269.0,117686,31411388.4
HPPL,2026-07-13,356.0,359.9,347.0,348.5,168161,59095235.3
HPPL,2026-07-14,342.1,363.0,340.1,350.9,85585,29805947.6
HPPL,2026-07-15,346.3,355.0,343.0,343.1,88643,30792448.6
HPPL,2026-07-16,344.0,350.0,341.6,344.0,92919,32147251.1
HPPL,2026-07-17,349.9,364.8,349.0,364.8,123594,44399873.6
HPPL,2026-07-20,360.0,374.9,360.0,373.1,139567,51551023.7
HPPL,2026-07-21,382.0,382.0,369.9,371.5,116926,43529813.7
HPPL,2026-07-22,360.0,381.6,360.0,370.0,91191,33885496.4
HPPL,2026-07-23,360.0,381.9,360.0,381.0,106938,40120106.4
HPPL,2026-07-24,370.0,385.8,370.0,380.0,127177,48516102.7
HPPL,2026-07-27,370.0,385.0,370.0,379.0,155350,58492553.9
HPPL,2026-07-28,370.0,385.0,370.0,381.9,216411,81906339.6
HPPL,2026-07-29,378.0,400.0,378.0,394.7,573369,224840282.9
HPPL,2026-07-30,389.0,399.9,380.1,388.0,214904,82936446.2
HPPL,2026-07-31,388.0,388.0,377.0,383.0,172178,65429662.7
NGPL,2026-07-13,403.0,405.0,398.0,399.0,129307,51830820.2
NGPL,2026-07-14,404.0,409.0,393.5,400.3,138225,55258709.0
NGPL,2026-07-15,403.1,408.8,400.0,402.0,117905,47467404.8
NGPL,2026-07-16,406.0,406.0,394.0,398.0,228603,90955021.8
NGPL,2026-07-17,417.0,419.9,404.9,418.2,360263,148592066.6
NGPL,2026-07-20,419.9,434.9,418.0,428.8,251112,107520172.8
NGPL,2026-07-21,435.0,435.0,422.0,425.0,174734,74628768.1
NGPL,2026-07-22,404.0,428.5,404.0,423.4,167493,70788931.7
NGPL,2026-07-23,424.0,424.0,417.4,419.0,203489,85451049.5
NGPL,2026-07-24,420.0,425.8,416.0,420.0,135494,56993070.6
NGPL,2026-07-27,416.1,422.0,412.2,413.0,140559,58368873.7
NGPL,2026-07-28,411.5,414.0,409.0,410.0,125424,51519040.5
NGPL,2026-07-29,411.0,413.8,407.6,409.9,131658,54007317.8
NGPL,2026-07-30,413.9,413.9,405.1,407.9,82194,33442793.7
NGPL,2026-07-31,425.0,425.0,403.5,408.1,148643,60559664.4
RHPL,2026-07-13,260.2,263.0,255.1,255.1,13507,3489790.8
RHPL,2026-07-14,252.0,257.0,252.0,255.1,16053,4065524.0
RHPL,2026-07-15,253.1,260.0,253.1,255.0,8784,2248458.1
RHPL,2026-07-16,267.7,267.7,253.0,253.0,11999,3046324.0
RHPL,2026-07-17,253.0,263.6,253.0,263.6,8545,2233819.2
RHPL,2026-07-20,263.0,268.2,262.0,267.0,11309,3013662.4
RHPL,2026-07-21,265.0,276.0,263.0,271.8,24913,6776667.7
RHPL,2026-07-22,271.0,271.0,265.0,265.1,11656,3105073.5
RHPL,2026-07-23,268.0,268.0,263.3,267.0,9989,2651994.5
RHPL,2026-07-24,263.2,270.0,263.2,267.0,11576,3086581.0
RHPL,2026-07-27,254.0,269.0,254.0,264.5,10714,2843159.1
RHPL,2026-07-28,251.3,263.2,251.3,262.0,6650,1744343.3
RHPL,2026-07-29,260.1,265.9,260.1,262.2,7335,1924499.8
RHPL,2026-07-30,260.2,263.0,258.1,258.1,19919,5167245.5
RHPL,2026-07-31,258.5,259.9,255.0,259.9,17625,4535538.3
KKHC,2026-07-13,256.0,256.0,245.0,245.0,37314,9185247.1
KKHC,2026-07-14,245.0,258.0,240.2,250.0,33672,8257566.8
KKHC,2026-07-15,250.0,256.8,247.0,247.3,14165,3537379.6
KKHC,2026-07-16,254.0,254.0,245.2,249.0,22390,5561843.9
KKHC,2026-07-17,254.0,261.0,253.0,260.0,39565,10212016.1
KKHC,2026-07-20,260.0,269.0,260.0,267.0,66730,17667773.8
KKHC,2026-07-21,271.9,271.9,263.2,268.0,70435,18738734.3
KKHC,2026-07-22,267.9,269.0,260.1,268.5,51773,13699267.0
KKHC,2026-07-23,265.0,269.0,264.0,266.5,42842,11409754.8
KKHC,2026-07-24,266.5,290.0,264.5,282.3,368499,102437266.1
KKHC,2026-07-27,282.3,290.0,280.0,283.0,297497,84736999.2
KKHC,2026-07-28,283.0,287.0,280.0,284.7,142474,40534120.2
KKHC,2026-07-29,298.0,299.0,281.3,295.0,720327,211706112.9
KKHC,2026-07-30,295.0,301.7,292.0,296.0,354765,105841532.1
KKHC,2026-07-31,295.1,298.0,290.8,291.4,133825,39192120.9
UMRH,2026-07-13,513.5,522.5,513.5,516.2,4452,2306202.2
UMRH,2026-07-14,521.8,521.8,513.4,519.9,5515,2847472.7
UMRH,2026-07-15,520.0,523.0,520.0,521.9,8661,4513961.2
UMRH,2026-07-16,515.0,520.0,515.0,517.0,5017,2597293.5
UMRH,2026-07-17,525.0,540.0,520.0,540.0,11625,6137461.6
UMRH,2026-07-20,545.0,545.0,533.1,543.0,5520,2982734.5
UMRH,2026-07-21,543.9,554.8,540.1,549.9,10942,5973878.0
UMRH,2026-07-22,536.0,546.0,536.0,540.5,5162,2792099.8
UMRH,2026-07-23,547.8,547.8,535.0,540.0,3102,1664929.0
UMRH,2026-07-24,534.0,547.6,534.0,540.1,6744,3659256.8
UMRH,2026-07-27,537.0,541.9,534.0,536.0,6670,3604317.4
UMRH,2026-07-28,530.0,538.8,530.0,538.7,3425,1828145.4
UMRH,2026-07-29,530.5,537.0,530.5,534.0,2783,1482723.0
UMRH,2026-07-30,538.0,563.0,531.1,539.5,10812,5853437.3
UMRH,2026-07-31,531.0,544.0,531.0,537.2,4468,2406650.3
KPCL,2026-07-13,464.0,474.7,458.0,458.0,7794,3629320.0
KPCL,2026-07-14,451.6,460.2,451.1,454.0,4346,1975986.7
KPCL,2026-07-15,458.0,461.0,455.0,455.0,5657,2589854.2
KPCL,2026-07-16,455.3,459.0,450.0,459.0,12862,5817751.1
KPCL,2026-07-17,460.0,479.9,460.0,478.7,7411,3519175.4
KPCL,2026-07-20,475.0,489.2,475.0,485.0,7702,3732084.9
KPCL,2026-07-21,490.0,490.0,477.1,480.2,13052,6284858.6
KPCL,2026-07-22,480.0,480.2,476.1,476.8,5024,2406827.2
KPCL,2026-07-23,470.0,477.0,469.4,473.0,5890,2777060.1
KPCL,2026-07-24,475.0,484.0,475.0,482.0,4122,1979800.0
KPCL,2026-07-27,482.0,488.0,470.0,470.1,7212,3443357.7
KPCL,2026-07-28,470.0,472.9,467.1,472.9,5611,2639810.3
KPCL,2026-07-29,471.0,474.0,470.0,470.0,4940,2324364.9
KPCL,2026-07-30,470.0,474.0,468.0,473.0,3175,1493044.7
KPCL,2026-07-31,466.0,475.0,465.4,475.0,2716,1275556.5
SHEL,2026-07-13,295.0,295.0,290.0,290.0,70178,20468556.8
SHEL,2026-07-14,290.0,296.0,287.0,292.0,378434,110435879.7
SHEL,2026-07-15,293.0,300.0,293.0,298.9,185382,54489412.0
SHEL,2026-07-16,299.0,304.0,296.1,302.9,821873,247429293.2
SHEL,2026-07-17,308.5,312.0,305.1,311.8,105952,32741294.9
SHEL,2026-07-20,312.0,316.0,309.0,316.0,68754,21536407.0
SHEL,2026-07-21,316.0,317.5,310.0,311.0,92747,28967726.9
SHEL,2026-07-22,311.0,313.0,307.4,308.9,90562,28001063.0
SHEL,2026-07-23,306.0,312.5,306.0,312.5,58597,18099183.7
SHEL,2026-07-24,310.0,315.0,309.0,309.7,38004,11845428.1
SHEL,2026-07-27,310.0,311.5,303.0,305.0,73957,22613735.2
SHEL,2026-07-28,307.9,307.9,302.0,306.5,110117,33511102.6
SHEL,2026-07-29,307.0,307.0,304.1,305.0,48396,14786002.4
SHEL,2026-07-30,304.0,307.5,304.0,305.0,57162,17449421.7
SHEL,2026-07-31,305.0,308.0,302.7,307.7,49839,15251848.6
PPCL,2026-07-13,325.0,330.0,319.0,324.0,32459,10409321.0
PPCL,2026-07-14,327.0,343.9,317.4,325.0,26018,8569754.6
PPCL,2026-07-15,334.7,341.2,326.9,334.0,2437,811232.0
PPCL,2026-07-16,340.8,340.8,327.0,330.0,5691,1874116.5
PPCL,2026-07-17,338.0,348.0,333.0,346.0,14383,4901809.9
PPCL,2026-07-20,363.3,363.3,343.9,360.0,17235,6047468.5
PPCL,2026-07-21,378.0,378.0,347.0,359.0,11606,4088869.5
PPCL,2026-07-22,348.6,354.9,345.0,349.0,28952,10056440.7
PPCL,2026-07-23,355.5,355.5,342.4,353.0,7149,2474324.1
PPCL,2026-07-24,358.0,358.0,342.7,352.5,19158,6663517.4
PPCL,2026-07-27,353.9,353.9,344.0,348.0,8157,2825810.8
PPCL,2026-07-28,330.9,349.9,330.9,348.0,5849,2006936.7
PPCL,2026-07-29,355.0,355.0,341.0,346.9,7070,2426308.8
PPCL,2026-07-30,349.0,349.0,330.0,338.0,12521,4193097.4
PPCL,2026-07-31,321.1,346.0,321.1,345.9,10871,3657026.9
RURU,2026-07-13,610.0,616.0,600.0,602.5,4144,2507820.9
RURU,2026-07-14,591.0,616.0,591.0,615.0,3316,2005652.5
RURU,2026-07-15,623.0,623.0,603.0,603.0,3491,2124574.8
RURU,2026-07-16,603.2,618.0,599.0,618.0,8361,5073332.5
RURU,2026-07-17,636.5,636.5,617.5,619.0,5670,3530119.2
RURU,2026-07-20,632.0,635.0,620.7,634.0,12374,7738575.0
RURU,2026-07-21,625.0,645.0,623.0,633.0,7037,4456941.4
RURU,2026-07-22,621.2,633.0,621.2,626.4,4499,2823252.4
RURU,2026-07-23,625.0,634.9,625.0,634.0,6452,4056081.9
RURU,2026-07-24,633.0,647.9,626.0,631.0,4884,3079366.1
RURU,2026-07-27,649.0,649.0,608.2,627.5,8550,5322895.1
RURU,2026-07-28,627.5,627.5,610.1,620.2,1643,1018053.3
RURU,2026-07-29,620.0,628.0,610.0,618.0,1585,980141.0
RURU,2026-07-30,629.0,630.0,612.0,614.5,2379,1466723.1
RURU,2026-07-31,614.0,623.9,614.0,614.1,387,238347.5
MHNL,2026-07-13,228.1,240.0,223.0,229.0,20459,4681863.9
MHNL,2026-07-14,229.0,230.9,223.0,226.0,44919,10127002.3
MHNL,2026-07-15,227.5,235.9,226.6,231.0,10896,2496161.9
MHNL,2026-07-16,233.0,235.0,226.0,235.0,7796,1779974.8
MHNL,2026-07-17,227.0,248.9,227.0,244.5,33394,7967013.9
MHNL,2026-07-20,240.0,248.8,233.0,246.9,18310,4468502.1
MHNL,2026-07-21,247.0,248.0,235.4,244.5,33353,8059826.9
MHNL,2026-07-22,237.3,244.0,237.3,242.9,16493,3966238.3
MHNL,2026-07-23,242.5,246.0,237.7,245.0,12010,2907293.2
MHNL,2026-07-24,240.0,246.8,240.0,241.5,9321,2262003.3
MHNL,2026-07-27,240.8,245.0,235.0,243.8,8338,1993963.8
MHNL,2026-07-28,236.5,243.0,236.5,242.9,8180,1959127.6
MHNL,2026-07-29,237.0,243.1,237.0,243.0,7798,1873314.2
MHNL,2026-07-30,241.9,245.0,237.5,245.0,10825,2590892.1
MHNL,2026-07-31,248.0,248.0,235.6,242.0,14192,3421199.8
SSHL,2026-07-13,195.0,198.8,192.0,192.2,78046,15119045.9
SSHL,2026-07-14,185.0,200.0,185.0,195.0,103608,20251696.7
SSHL,2026-07-15,195.0,199.9,195.0,195.3,69210,13587413.2
SSHL,2026-07-16,190.0,198.9,189.0,194.9,74593,14532060.9
SSHL,2026-07-17,199.0,209.9,197.9,207.5,191735,39208207.2
SSHL,2026-07-20,207.0,215.0,203.0,213.0,161561,34291209.0
SSHL,2026-07-21,223.6,223.6,210.0,214.0,178577,38187361.8
SSHL,2026-07-22,210.2,214.0,209.0,211.0,117892,24852716.1
SSHL,2026-07-23,211.0,212.0,207.9,211.7,91952,19294590.1
SSHL,2026-07-24,221.1,221.1,209.0,209.5,92395,19594752.6
SSHL,2026-07-27,212.0,212.0,205.0,205.0,83463,17368229.7
SSHL,2026-07-28,207.9,207.9,203.0,205.0,105583,21717323.0
SSHL,2026-07-29,203.4,207.9,203.0,204.5,91386,18714925.0
SSHL,2026-07-30,205.0,206.8,201.5,203.0,49737,10118838.0
SSHL,2026-07-31,203.5,206.0,202.3,205.0,93044,19010077.1
NLIC,2026-07-13,758.0,758.0,739.0,739.0,18141,13445042.0
NLIC,2026-07-14,775.0,775.0,738.0,740.2,14987,11100382.9
NLIC,2026-07-15,740.1,759.9,739.0,743.9,43876,32644064.3
NLIC,2026-07-16,781.0,781.0,740.0,749.8,18816,13991176.3
NLIC,2026-07-17,745.0,769.9,734.3,769.9,16890,12813761.4
NLIC,2026-07-20,760.0,775.0,760.0,768.2,25005,19196168.7
NLIC,2026-07-21,806.0,806.0,761.1,773.9,26947,20702110.3
NLIC,2026-07-22,772.0,772.0,761.5,764.0,13922,10653401.6
NLIC,2026-07-23,802.0,802.0,760.1,763.0,21570,16479324.2
NLIC,2026-07-24,766.8,770.5,763.0,769.0,32030,24553269.4
NLIC,2026-07-27,769.0,773.9,754.0,758.0,19115,14597306.9
NLIC,2026-07-28,769.0,769.0,750.0,755.1,16667,12554430.7
NLIC,2026-07-29,748.1,766.5,748.1,750.0,5470,4117293.4
NLIC,2026-07-30,760.0,760.0,747.1,752.0,9676,7247839.3
NLIC,2026-07-31,754.0,759.9,747.0,759.8,11910,8940815.1
LICN,2026-07-13,794.0,794.0,765.0,765.0,25030,19254479.9
LICN,2026-07-14,803.0,803.0,763.0,772.0,7717,5941309.7
LICN,2026-07-15,765.0,787.8,765.0,783.0,4568,3540447.2
LICN,2026-07-16,782.0,789.8,778.0,789.8,6429,5031476.5
LICN,2026-07-17,795.0,805.0,785.0,798.0,15549,12378454.2
LICN,2026-07-20,805.0,810.0,786.0,804.5,5279,4250667.5
LICN,2026-07-21,806.0,809.0,794.0,796.5,13352,10671515.0
LICN,2026-07-22,805.0,805.0,790.0,804.4,6504,5183129.6
LICN,2026-07-23,844.0,844.0,790.2,803.9,6839,5459836.6
LICN,2026-07-24,800.1,813.8,797.0,804.0,9884,7950653.4
LICN,2026-07-27,814.9,814.9,794.2,795.0,7761,6205753.1
LICN,2026-07-28,795.0,800.0,785.2,786.3,10343,8145234.1
LICN,2026-07-29,787.2,795.0,783.0,789.9,9285,7312457.7
LICN,2026-07-30,789.9,789.9,778.0,788.0,9579,7470140.1
LICN,2026-07-31,793.0,793.0,781.0,787.9,4020,3149766.5
ALICL,2026-07-13,420.2,425.0,416.5,418.0,15570,6532631.0
ALICL,2026-07-14,418.0,422.0,413.4,419.0,13641,5719632.1
ALICL,2026-07-15,420.0,429.8,419.0,422.0,7934,3341622.0
ALICL,2026-07-16,428.0,428.0,419.0,419.0,13271,5595878.2
ALICL,2026-07-17,426.9,434.9,423.0,433.7,12498,5374291.7
ALICL,2026-07-20,440.0,442.6,432.0,442.5,18488,8133168.3
ALICL,2026-07-21,451.9,451.9,438.0,442.0,17026,7554131.0
ALICL,2026-07-22,440.0,444.9,432.0,438.0,13723,5990316.3
ALICL,2026-07-23,435.1,441.0,435.0,441.0,7997,3500748.6
ALICL,2026-07-24,441.0,446.9,439.5,441.9,9351,4134537.7
ALICL,2026-07-27,442.0,442.2,432.1,436.0,17605,7665676.1
ALICL,2026-07-28,428.0,436.0,428.0,434.0,16079,6918616.3
ALICL,2026-07-29,455.7,455.7,429.2,436.0,7937,3445162.6
ALICL,2026-07-30,436.0,436.0,426.0,428.7,14001,5995951.3
ALICL,2026-07-31,428.7,433.8,423.5,431.7,48252,20633493.8
SJLIC,2026-07-13,415.0,415.0,401.0,405.2,33043,13533036.5
SJLIC,2026-07-14,404.0,412.0,402.3,407.2,10119,4125500.9
SJLIC,2026-07-15,410.0,414.3,408.0,410.0,4925,2018565.5
SJLIC,2026-07-16,418.0,419.0,407.0,413.0,5855,2395587.8
SJLIC,2026-07-17,395.0,425.0,395.0,425.0,12428,5218346.9
SJLIC,2026-07-20,424.0,431.6,418.7,426.0,22968,9754624.8
SJLIC,2026-07-21,426.0,429.9,422.0,424.9,12357,5251023.9
SJLIC,2026-07-22,418.0,425.0,416.2,421.9,10327,4342537.9
SJLIC,2026-07-23,416.0,427.0,416.0,424.9,12230,5172089.5
SJLIC,2026-07-24,420.0,429.0,420.0,427.9,13468,5717527.0
SJLIC,2026-07-27,421.5,428.5,419.0,419.0,13067,5538332.8
SJLIC,2026-07-28,419.0,424.0,415.4,417.9,7941,3314309.8
SJLIC,2026-07-29,417.0,420.0,414.5,415.0,14893,6202412.9
SJLIC,2026-07-30,415.0,418.0,413.0,417.7,3984,1657884.1
SJLIC,2026-07-31,415.0,419.0,414.0,419.0,6837,2839880.0
RNLI,2026-07-13,440.5,443.9,437.0,439.9,17502,7701440.7
RNLI,2026-07-14,439.0,442.8,436.0,440.0,12497,5487653.5
RNLI,2026-07-15,440.0,444.7,437.0,441.8,5624,2479541.1
RNLI,2026-07-16,437.1,443.0,437.1,440.0,6013,2646144.7
RNLI,2026-07-17,436.0,451.8,436.0,451.8,9257,4150224.0
RNLI,2026-07-20,455.0,463.0,446.5,459.5,9225,4214881.0
RNLI,2026-07-21,460.5,463.7,456.0,458.9,34536,15832601.9
RNLI,2026-07-22,450.1,459.0,450.1,456.7,15294,6960306.4
RNLI,2026-07-23,445.1,458.0,445.1,458.0,13601,6177998.5
RNLI,2026-07-24,451.1,458.0,451.1,455.0,10240,4668033.4
RNLI,2026-07-27,451.1,458.0,441.4,445.0,64248,28719484.7
RNLI,2026-07-28,444.0,446.0,440.9,444.0,17410,7704436.2
RNLI,2026-07-29,440.0,448.8,440.0,445.9,12355,5504685.3
RNLI,2026-07-30,440.3,444.0,440.3,441.9,8512,3758757.9
RNLI,2026-07-31,440.2,444.8,439.5,444.5,11354,5017976.5
ILI,2026-07-13,413.1,415.0,409.0,409.0,15316,6299872.6
ILI,2026-07-14,409.0,414.0,406.0,411.2,6293,2579597.8
ILI,2026-07-15,410.0,415.0,400.0,401.0,14014,5727252.1
ILI,2026-07-16,401.2,411.0,401.2,408.0,6793,2760390.9
ILI,2026-07-17,408.0,424.0,408.0,424.0,5127,2156016.4
ILI,2026-07-20,423.1,428.5,421.0,427.7,10159,4329849.2
ILI,2026-07-21,427.7,430.0,421.0,424.3,13660,5804605.8
ILI,2026-07-22,404.0,429.5,404.0,424.0,3020,1274332.9
ILI,2026-07-23,420.1,428.5,420.0,425.0,8383,3552045.2
ILI,2026-07-24,421.1,430.0,421.1,425.0,4515,1923828.0
ILI,2026-07-27,422.0,429.9,420.0,420.4,7541,3187079.8
ILI,2026-07-28,423.0,423.0,416.0,419.0,9777,4089421.2
ILI,2026-07-29,415.0,423.0,415.0,418.0,3086,1291092.0
ILI,2026-07-30,415.5,420.0,415.2,420.0,4553,1906124.2
ILI,2026-07-31,420.0,420.0,415.1,418.0,4115,1713380.5
NLG,2026-07-13,570.0,570.0,555.0,565.0,56368,31825592.5
NLG,2026-07-14,580.0,580.0,546.0,575.0,11306,6268742.1
NLG,2026-07-15,575.0,583.0,570.0,574.5,4425,2558242.4
NLG,2026-07-16,603.0,603.0,555.5,558.0,9654,5443973.3
NLG,2026-07-17,565.0,598.0,565.0,578.1,37975,21947457.6
NLG,2026-07-20,589.9,606.6,588.0,603.0,20230,12029134.1
NLG,2026-07-21,600.0,604.0,588.0,598.0,21712,12910623.0
NLG,2026-07-22,600.0,610.0,588.1,594.0,18309,10956641.1
NLG,2026-07-23,588.0,595.0,582.0,595.0,17184,10104966.6
NLG,2026-07-24,608.8,609.0,595.0,603.9,10772,6445811.2
NLG,2026-07-27,603.0,603.0,589.0,589.0,8393,4971280.8
NLG,2026-07-28,571.7,595.0,571.4,592.0,5855,3409316.6
NLG,2026-07-29,589.0,590.0,578.1,590.0,10656,6209997.7
NLG,2026-07-30,580.0,585.0,574.0,584.0,5555,3196590.7
NLG,2026-07-31,571.1,585.0,570.0,584.0,11493,6570093.0
SICL,2026-07-13,612.0,615.0,608.0,608.0,4332,2646319.0
SICL,2026-07-14,605.0,613.0,605.0,608.6,3257,1982593.7
SICL,2026-07-15,608.6,614.7,608.1,610.0,10214,6243005.2
SICL,2026-07-16,613.0,615.0,609.0,615.0,3805,2329409.7
SICL,2026-07-17,625.0,638.0,623.0,629.0,6446,4034447.6
SICL,2026-07-20,620.0,635.0,620.0,634.0,5785,3656309.1
SICL,2026-07-21,639.9,639.9,625.0,638.0,4345,2749391.3
SICL,2026-07-22,635.0,635.0,621.0,635.0,8698,5475253.1
SICL,2026-07-23,645.8,645.8,623.0,634.0,3608,2272016.3
SICL,2026-07-24,639.8,639.8,629.2,633.7,3100,1959872.7
SICL,2026-07-27,635.0,635.0,618.0,618.0,6926,4320116.9
SICL,2026-07-28,615.0,620.0,605.0,614.0,5788,3554592.5
SICL,2026-07-29,614.0,625.0,609.1,611.1,9181,5620519.8
SICL,2026-07-30,620.0,620.0,610.0,613.0,6079,3734677.7
SICL,2026-07-31,605.5,620.0,605.5,613.0,2202,1355231.9
NIL,2026-07-13,620.0,625.0,605.0,605.0,12438,7595922.8
NIL,2026-07-14,602.09,615.8,600.0,614.0,4501,2726065.9
NIL,2026-07-15,600.1,625.0,600.1,609.0,1697,1043198.1
NIL,2026-07-16,609.0,614.0,607.0,610.0,3627,2215510.2
NIL,2026-07-17,621.9,632.0,615.0,632.0,5801,3592552.7
NIL,2026-07-20,620.0,644.0,615.4,635.4,7086,4495490.1
NIL,2026-07-21,645.0,645.0,630.0,635.0,6177,3912965.2
NIL,2026-07-22,639.9,647.9,630.0,631.1,13854,8826875.5
NIL,2026-07-23,632.0,632.0,617.2,629.9,1431,893553.5
NIL,2026-07-24,627.0,639.9,627.0,630.0,4967,3132092.0
NIL,2026-07-27,625.0,640.0,619.2,625.1,12368,7727264.6
NIL,2026-07-28,625.0,638.0,618.1,622.0,3171,1972401.5
NIL,2026-07-29,622.0,625.0,616.0,617.5,3576,2209177.3
NIL,2026-07-30,636.0,636.0,618.0,618.1,1845,1142535.8
NIL,2026-07-31,618.1,624.0,618.0,620.0,1668,1032801.9
NICL,2026-07-13,520.0,520.0,501.3,503.0,15007,7608115.2
NICL,2026-07-14,503.0,507.0,497.1,505.0,6228,3126394.1
NICL,2026-07-15,515.0,515.0,505.6,509.0,9816,4994395.9
NICL,2026-07-16,534.4,534.4,505.0,512.9,10117,5133325.5
NICL,2026-07-17,520.0,527.0,517.1,524.8,9270,4851267.8
NICL,2026-07-20,523.0,537.7,522.0,532.0,15876,8393983.9
NICL,2026-07-21,538.4,538.4,523.0,525.9,13979,7350036.5
NICL,2026-07-22,525.0,526.0,519.0,519.0,11570,6041617.2
NICL,2026-07-23,519.0,524.0,513.0,520.0,11905,6147098.9
NICL,2026-07-24,525.0,530.0,513.7,520.0,14533,7620121.0
NICL,2026-07-27,521.0,524.9,513.0,513.0,7762,4023500.9
NICL,2026-07-28,520.0,520.0,510.5,510.9,12231,6267352.8
NICL,2026-07-29,520.0,520.0,506.0,510.0,24893,12676743.2
NICL,2026-07-30,510.0,510.0,500.0,505.0,22144,11167140.5
NICL,2026-07-31,500.1,508.0,500.0,507.0,8107,4074211.1
PRIN,2026-07-13,683.8,683.8,672.1,676.8,3349,2254786.7
PRIN,2026-07-14,676.8,679.0,669.1,678.0,2449,1647718.3
PRIN,2026-07-15,680.0,689.0,675.0,676.1,5128,3477450.4
PRIN,2026-07-16,676.1,694.7,665.5,668.1,1666,1121627.6
PRIN,2026-07-17,701.4,701.4,685.0,690.0,6967,4819942.6
PRIN,2026-07-20,698.0,705.0,692.5,702.4,5527,3870546.6
PRIN,2026-07-21,709.8,709.8,686.2,692.0,6285,4367404.1
PRIN,2026-07-22,685.1,689.9,681.1,685.0,4288,2931456.5
PRIN,2026-07-23,685.0,690.0,680.0,688.0,5611,3827585.8
PRIN,2026-07-24,697.0,702.8,689.0,695.0,8742,6078727.2
PRIN,2026-07-27,697.0,697.0,680.1,680.4,4966,3412813.1
PRIN,2026-07-28,678.6,689.0,678.3,679.0,3693,2507358.7
PRIN,2026-07-29,674.0,688.3,668.3,676.6,4698,3177069.1
PRIN,2026-07-30,680.0,688.9,671.2,679.0,1156,781646.4
PRIN,2026-07-31,671.3,680.0,671.3,680.0,931,629170.0
IGI,2026-07-13,440.0,440.0,417.2,417.2,8425,3555580.2
IGI,2026-07-14,424.0,425.0,418.1,425.0,4666,1963897.0
IGI,2026-07-15,429.9,430.0,421.0,428.0,5084,2154943.5
IGI,2026-07-16,449.4,449.4,425.0,449.0,12210,5303697.2
IGI,2026-07-17,435.6,450.0,435.0,445.1,19263,8564244.3
IGI,2026-07-20,450.0,458.0,444.0,457.0,18566,8388743.9
IGI,2026-07-21,444.1,457.0,444.1,452.7,13205,5962992.5
IGI,2026-07-22,444.4,452.3,441.0,450.0,16061,7175344.2
IGI,2026-07-23,448.0,450.0,441.0,450.0,12648,5638618.6
IGI,2026-07-24,448.1,457.7,442.0,449.8,8830,3935876.9
IGI,2026-07-27,455.0,455.0,441.0,443.0,6780,3002031.6
IGI,2026-07-28,441.0,442.9,437.0,442.8,6866,3011189.0
IGI,2026-07-29,441.0,441.0,436.0,441.0,2536,1110319.0
IGI,2026-07-30,449.5,449.5,435.0,437.0,4283,1873056.3
IGI,2026-07-31,432.3,440.0,432.0,437.5,10048,4378277.4
HEI,2026-07-13,509.0,515.0,503.0,510.0,19501,9869776.1
HEI,2026-07-14,507.0,515.0,489.9,512.9,33367,16637548.2
HEI,2026-07-15,512.0,522.0,501.0,510.9,6421,3286292.5
HEI,2026-07-16,526.0,526.0,510.0,520.0,7317,3767647.8
HEI,2026-07-17,534.9,540.0,526.0,535.0,7861,4194279.8
HEI,2026-07-20,523.0,544.0,523.0,540.0,4950,2633809.0
HEI,2026-07-21,541.0,548.9,527.1,539.9,6688,3578392.6
HEI,2026-07-22,535.0,542.0,528.1,532.0,8219,4407171.8
HEI,2026-07-23,533.0,536.0,528.0,535.9,2561,1363306.0
HEI,2026-07-24,530.3,545.0,530.2,544.0,7482,4037508.8
HEI,2026-07-27,545.0,548.0,530.7,542.0,9478,5146975.1
HEI,2026-07-28,540.0,540.0,535.0,537.0,4498,2410675.0
HEI,2026-07-29,542.0,548.4,535.2,542.8,1764,948060.6
HEI,2026-07-30,533.0,536.0,530.0,536.0,4626,2464062.8
HEI,2026-07-31,543.9,543.9,530.0,539.0,3856,2070198.4
SGIC,2026-07-13,455.0,458.5,451.6,452.1,4331,1973527.9
SGIC,2026-07-14,450.0,460.0,448.0,455.4,4344,1969997.6
SGIC,2026-07-15,457.1,473.8,455.0,473.8,14485,6648628.8
SGIC,2026-07-16,497.4,497.4,460.0,469.0,13349,6236570.0
SGIC,2026-07-17,469.5,485.0,469.5,485.0,23801,11283040.6
SGIC,2026-07-20,475.0,487.0,470.2,485.0,9884,4770879.1
SGIC,2026-07-21,480.0,486.4,472.0,480.0,17911,8584326.3
SGIC,2026-07-22,471.3,475.0,470.2,472.0,4866,2297204.1
SGIC,2026-07-23,470.0,478.8,470.0,478.8,6542,3089362.9
SGIC,2026-07-24,478.0,479.9,470.0,478.0,8890,4217341.0
SGIC,2026-07-27,475.1,478.0,468.2,468.2,5283,2493143.3
SGIC,2026-07-28,470.0,470.0,463.7,464.2,4839,2254921.5
SGIC,2026-07-29,464.0,469.6,460.0,460.0,6341,2938083.8
SGIC,2026-07-30,458.1,465.4,453.0,459.8,11872,5436732.2
SGIC,2026-07-31,465.0,465.0,456.0,465.0,8092,3729642.6
SALICO,2026-07-13,592.0,597.0,584.5,597.0,9011,5285401.3
SALICO,2026-07-14,626.8,645.0,577.0,580.0,32695,20547099.0
SALICO,2026-07-15,580.0,597.0,580.0,592.9,1290,755491.0
SALICO,2026-07-16,597.9,610.0,570.0,605.0,11795,6995030.3
SALICO,2026-07-17,610.0,620.0,608.9,620.0,4612,2839117.1
SALICO,2026-07-20,606.0,620.0,602.1,610.0,4862,2967557.1
SALICO,2026-07-21,610.0,617.0,601.2,610.4,9246,5618064.4
SALICO,2026-07-22,610.0,610.0,599.0,599.0,14126,8489666.3
SALICO,2026-07-23,589.2,610.0,589.2,604.0,1399,841876.6
SALICO,2026-07-24,601.0,614.0,590.4,609.6,7035,4238340.4
SALICO,2026-07-27,603.0,607.8,585.1,599.3,8955,5330235.3
SALICO,2026-07-28,603.5,603.5,599.0,601.0,1036,621243.0
SALICO,2026-07-29,585.0,600.0,580.0,589.0,15345,8960875.0
SALICO,2026-07-30,606.5,606.5,590.0,593.0,5176,3069508.3
SALICO,2026-07-31,593.0,602.7,585.2,602.7,2499,1486954.1
OHL,2026-07-13,667.0,667.0,665.0,665.1,1251,832225.5
OHL,2026-07-14,670.0,670.0,655.0,670.0,1696,1134048.0
OHL,2026-07-15,676.0,683.4,672.1,683.4,590,397793.0
OHL,2026-07-16,683.4,683.4,665.0,682.0,2134,1423857.1
OHL,2026-07-17,696.5,696.5,680.0,690.0,2558,1756546.6
OHL,2026-07-20,690.0,704.8,683.0,704.8,2595,1801667.8
OHL,2026-07-21,703.4,703.4,684.0,698.8,4353,2987991.9
OHL,2026-07-22,685.3,698.8,685.0,685.0,760,520920.0
OHL,2026-07-23,680.0,688.5,680.0,688.5,605,412954.5
OHL,2026-07-24,689.0,692.0,675.0,692.0,1236,839505.5
OHL,2026-07-27,692.0,692.0,672.0,673.1,571,385678.1
OHL,2026-07-28,689.0,689.0,670.0,689.0,1913,1289436.7
OHL,2026-07-29,690.7,690.8,669.0,678.0,3429,2314964.2
OHL,2026-07-30,678.0,684.0,665.0,675.0,1025,684262.0
OHL,2026-07-31,675.0,679.0,665.0,678.0,2137,1426586.6
SHL,2026-07-13,490.5,492.0,486.4,486.4,29566,14428062.5
SHL,2026-07-14,486.5,490.0,474.4,486.0,45360,22037922.4
SHL,2026-07-15,496.0,496.0,487.0,487.0,21524,10521638.0
SHL,2026-07-16,496.0,496.0,488.6,489.5,14876,7295352.9
SHL,2026-07-17,492.0,500.0,490.2,499.5,17187,8543621.5
SHL,2026-07-20,499.0,510.0,499.0,503.8,15033,7533616.3
SHL,2026-07-21,503.9,510.0,500.0,505.0,31042,15602092.0
SHL,2026-07-22,505.0,505.0,497.7,502.0,18022,9013671.3
SHL,2026-07-23,498.0,504.4,496.4,499.6,9794,4895109.6
SHL,2026-07-24,504.9,505.0,499.0,503.0,15100,7578356.3
SHL,2026-07-27,502.0,505.5,499.1,502.0,25899,13011503.2
SHL,2026-07-28,505.0,508.0,495.0,500.9,25363,12722770.0
SHL,2026-07-29,499.0,502.0,498.2,500.0,10770,5388888.0
SHL,2026-07-30,500.0,501.4,498.3,500.0,6446,3219978.4
SHL,2026-07-31,496.0,501.0,496.0,501.0,9444,4709150.4
CGH,2026-07-13,778.0,778.0,760.0,760.0,10461,8021399.0
CGH,2026-07-14,751.1,764.0,751.1,762.9,13989,10582335.6
CGH,2026-07-15,770.0,773.8,758.1,770.0,68796,52828927.9
CGH,2026-07-16,808.5,808.5,755.2,755.2,6674,5129815.2
CGH,2026-07-17,765.0,784.9,764.0,773.0,7342,5678317.4
CGH,2026-07-20,772.0,794.0,772.0,785.0,11799,9253698.3
CGH,2026-07-21,786.0,793.0,783.0,783.2,6576,5181052.0
CGH,2026-07-22,794.8,794.8,776.5,785.0,6372,4976480.7
CGH,2026-07-23,785.0,792.0,773.0,792.0,19050,14835498.7
CGH,2026-07-24,793.0,793.0,785.0,787.0,7873,6194831.0
CGH,2026-07-27,785.0,789.0,780.0,782.0,63570,49629423.0
CGH,2026-07-28,782.0,790.0,776.5,788.6,19197,14981445.4
CGH,2026-07-29,789.0,797.0,787.0,790.0,12085,9544648.7
CGH,2026-07-30,790.0,790.0,785.0,786.0,3690,2904062.7
CGH,2026-07-31,780.0,789.0,777.1,784.0,8571,6692421.2
TRH,2026-07-10,780.0,780.0,766.0,775.0,16690,12958594.0
TRH,2026-07-13,783.0,787.9,766.0,774.0,1982,1540532.0
TRH,2026-07-14,752.0,775.0,752.0,766.0,10226,7864788.0
TRH,2026-07-16,760.1,785.0,760.0,785.0,1675,1282547.0
TRH,2026-07-17,767.1,801.9,766.1,780.0,2081,1632529.5
TRH,2026-07-20,768.0,799.0,766.0,789.9,1480,1146049.0
TRH,2026-07-21,788.1,788.1,767.0,788.0,3391,2612624.0
TRH,2026-07-22,799.0,801.9,773.1,793.0,2520,1973326.5
TRH,2026-07-23,793.0,793.0,775.0,791.7,827,650724.0
TRH,2026-07-24,785.0,792.0,776.0,785.0,270,213356.0
TRH,2026-07-27,785.0,785.0,770.0,771.0,767,594629.0
TRH,2026-07-28,770.0,780.0,770.0,780.0,800,621790.0
TRH,2026-07-29,780.0,780.0,770.0,770.4,544,419854.2
TRH,2026-07-30,771.2,786.0,771.2,785.9,788,615076.5
TRH,2026-07-31,770.1,788.0,769.3,782.0,1222,953463.2
KDL,2026-07-13,776.0,776.0,755.0,755.0,1857,1411780.0
KDL,2026-07-14,733.0,782.8,730.0,759.0,2771,2078202.4
KDL,2026-07-15,760.0,795.0,760.0,765.1,812,626578.8
KDL,2026-07-16,760.2,788.0,760.2,784.0,1487,1157591.0
KDL,2026-07-17,795.0,818.8,784.0,816.0,2593,2073653.1
KDL,2026-07-20,816.0,822.0,804.0,822.0,2426,1972013.2
KDL,2026-07-21,824.0,824.0,801.0,816.0,2299,1864725.5
KDL,2026-07-22,822.0,822.0,800.0,812.0,2798,2241094.7
KDL,2026-07-23,820.0,820.0,795.0,813.0,286,229773.3
KDL,2026-07-24,791.0,824.0,791.0,813.9,1944,1576757.0
KDL,2026-07-27,793.0,802.0,793.0,796.2,527,420860.0
KDL,2026-07-28,781.2,794.0,780.0,790.0,1967,1546267.8
KDL,2026-07-29,790.0,805.0,780.0,784.0,3248,2546587.3
KDL,2026-07-30,766.2,785.0,766.2,770.0,3572,2768817.6
KDL,2026-07-31,765.2,785.0,765.2,785.0,2819,2197717.9
SHIVM,2026-07-13,629.0,629.0,615.0,619.9,67449,41715900.7
SHIVM,2026-07-14,625.0,657.0,612.0,619.0,134658,84747012.8
SHIVM,2026-07-15,630.0,630.0,618.2,620.8,87046,54063975.8
SHIVM,2026-07-16,627.5,627.5,620.0,621.0,58274,36285190.6
SHIVM,2026-07-17,600.0,652.0,600.0,652.0,108959,69789604.8
SHIVM,2026-07-20,653.5,663.7,640.0,663.0,150670,98990198.1
SHIVM,2026-07-21,666.0,668.0,653.1,663.1,152420,100482010.1
SHIVM,2026-07-22,657.1,664.9,652.0,656.0,112792,74083985.1
SHIVM,2026-07-23,650.0,660.0,648.1,660.0,58438,38256887.7
SHIVM,2026-07-24,638.0,665.0,638.0,655.0,64040,42193015.3
SHIVM,2026-07-27,655.0,658.0,643.0,643.5,88207,57383666.3
SHIVM,2026-07-28,642.0,646.0,636.6,641.0,77097,49388710.9
SHIVM,2026-07-29,641.5,644.0,637.0,639.2,40521,25938615.0
SHIVM,2026-07-30,626.4,674.0,626.4,636.0,71068,46039942.4
SHIVM,2026-07-31,635.0,644.0,633.0,642.0,69233,44235457.6
HDL,2026-07-13,1145.0,1146.0,1140.0,1142.0,34920,39851442.9
HDL,2026-07-14,1149.0,1149.0,1138.0,1145.0,31356,35850735.5
HDL,2026-07-15,1145.0,1152.0,1143.0,1143.0,23382,26809267.6
HDL,2026-07-16,1143.2,1147.2,1135.0,1140.0,36014,41073004.9
HDL,2026-07-17,1148.0,1163.9,1148.0,1163.9,20089,23269914.7
HDL,2026-07-20,1191.0,1191.0,1159.0,1179.9,32918,38670586.7
HDL,2026-07-21,1180.0,1199.0,1178.0,1188.5,48777,57951312.7
HDL,2026-07-22,1181.0,1189.9,1170.2,1178.0,30326,35767657.0
HDL,2026-07-23,1189.0,1190.0,1165.1,1179.0,19870,23398681.7
HDL,2026-07-24,1180.0,1188.0,1166.0,1166.0,24277,28578996.8
HDL,2026-07-27,1199.0,1199.0,1161.0,1164.8,20739,24242135.7
HDL,2026-07-28,1177.9,1177.9,1160.0,1167.5,18727,21879152.2
HDL,2026-07-29,1125.8,1171.0,1125.8,1165.0,12341,14399514.8
HDL,2026-07-30,1170.0,1170.0,1160.0,1161.2,17763,20672229.5
HDL,2026-07-31,1167.0,1167.0,1160.3,1164.0,18896,21978509.5
UNL,2026-07-06,47799.9,47799.9,47799.9,47799.9,10,477999.0
UNL,2026-07-07,47300.0,47300.0,47300.0,47300.0,10,473000.0
UNL,2026-07-08,47200.0,47200.0,47200.0,47200.0,10,472000.0
UNL,2026-07-09,46600.0,46600.0,46600.0,46600.0,10,466000.0
UNL,2026-07-10,47000.0,47000.0,46550.1,46550.1,20,935501.0
UNL,2026-07-13,47000.0,47000.0,46555.0,46555.0,30,1405550.0
UNL,2026-07-14,46555.0,46555.0,46505.0,46505.0,20,930600.0
UNL,2026-07-15,47899.9,47899.9,47200.0,47200.0,20,950999.0
UNL,2026-07-20,47010.1,47015.0,47010.1,47015.0,20,940251.0
UNL,2026-07-21,47040.0,47040.0,47040.0,47040.0,10,470400.0
UNL,2026-07-22,47800.0,47800.0,47800.0,47800.0,10,478000.0
UNL,2026-07-23,47800.0,48000.0,47799.9,48000.0,60,2871399.0
UNL,2026-07-28,48100.0,48100.0,47998.0,47998.0,20,960980.0
UNL,2026-07-30,48200.0,48200.0,48200.0,48200.0,10,482000.0
UNL,2026-07-31,48590.0,48590.0,48590.0,48590.0,10,485900.0
SONA,2026-07-13,405.2,410.0,400.1,400.1,26467,10672550.2
SONA,2026-07-14,399.0,408.0,399.0,400.0,29034,11685832.4
SONA,2026-07-15,404.0,412.0,401.0,407.0,13686,5545812.7
SONA,2026-07-16,401.0,408.0,401.0,401.3,11930,4822420.5
SONA,2026-07-17,401.5,419.9,401.5,417.1,23789,9868119.7
SONA,2026-07-20,418.0,427.4,418.0,425.0,25975,10976491.7
SONA,2026-07-21,424.0,428.0,418.0,425.0,22728,9607691.1
SONA,2026-07-22,417.0,423.0,417.0,419.1,14123,5923636.2
SONA,2026-07-23,419.1,423.0,415.1,422.0,16385,6866708.5
SONA,2026-07-24,422.0,428.0,415.0,419.9,18074,7593228.1
SONA,2026-07-27,419.5,421.0,413.6,413.6,19252,8019478.5
SONA,2026-07-28,410.0,413.0,409.0,410.0,12499,5131648.2
SONA,2026-07-29,407.2,419.9,407.2,407.7,15755,6455380.0
SONA,2026-07-30,428.0,428.0,405.0,408.8,17828,7261201.4
SONA,2026-07-31,405.0,410.0,404.0,410.0,14952,6083886.5
BNT,2026-07-09,11600.0,11600.0,11550.0,11550.0,40,463500.0
BNT,2026-07-13,11551.0,11551.0,11551.0,11551.0,20,231020.0
BNT,2026-07-15,11699.9,11700.0,11699.9,11700.0,20,233999.0
BNT,2026-07-16,11750.0,11750.0,11610.0,11610.0,120,1403600.0
BNT,2026-07-17,11650.0,11651.0,11650.0,11650.0,70,815510.0
BNT,2026-07-20,11701.0,11800.0,11701.0,11800.0,85,998520.0
BNT,2026-07-21,11800.0,11800.0,11621.0,11621.0,20,234210.0
BNT,2026-07-22,11573.0,11573.0,11571.0,11571.0,30,347160.0
BNT,2026-07-23,11578.1,11578.1,11578.1,11578.1,25,289452.5
BNT,2026-07-24,11532.2,11532.2,11532.2,11532.2,19,219111.8
BNT,2026-07-27,11878.0,11878.0,11650.0,11652.0,80,936600.0
BNT,2026-07-28,11600.6,11750.0,11600.6,11620.1,59,690457.0
BNT,2026-07-29,11750.0,11750.0,11750.0,11750.0,20,235000.0
BNT,2026-07-30,11750.0,11850.0,11620.0,11620.0,304,3557054.0
BNT,2026-07-31,11300.0,11300.0,11000.5,11000.5,25,278007.5
GCIL,2026-07-13,325.2,332.0,325.0,327.0,21175,6931805.3
GCIL,2026-07-14,321.0,329.9,320.3,322.5,17134,5571115.5
GCIL,2026-07-15,322.5,329.0,315.5,323.7,22389,7254481.0
GCIL,2026-07-16,323.0,341.0,323.0,340.0,28976,9734771.4
GCIL,2026-07-17,341.0,367.0,341.0,367.0,38512,13816178.2
GCIL,2026-07-20,385.3,385.3,361.2,372.0,31484,11671444.4
GCIL,2026-07-21,373.0,375.0,364.0,368.9,25472,9409649.8
GCIL,2026-07-22,360.0,367.7,359.2,365.0,22329,8084128.2
GCIL,2026-07-23,365.0,365.0,354.6,364.0,16393,5887489.4
GCIL,2026-07-24,345.8,372.5,345.8,364.0,17122,6264642.4
GCIL,2026-07-27,361.3,365.0,355.7,359.0,12425,4495265.6
GCIL,2026-07-28,358.0,368.0,354.5,360.0,20728,7454301.3
GCIL,2026-07-29,354.4,365.0,354.4,358.0,15230,5463863.1
GCIL,2026-07-30,360.0,363.0,358.0,359.8,15066,5409930.1
GCIL,2026-07-31,354.1,360.9,354.1,359.0,8094,2899467.7
SARBTM,2026-07-13,787.0,787.0,764.0,772.0,19557,15213987.5
SARBTM,2026-07-14,770.1,780.0,762.0,774.9,8401,6487666.9
SARBTM,2026-07-15,775.0,784.0,770.0,774.9,13769,10656542.3
SARBTM,2026-07-16,780.0,787.8,750.0,772.0,15491,11810828.7
SARBTM,2026-07-17,779.0,795.0,779.0,795.0,5780,4558772.6
SARBTM,2026-07-20,800.0,814.5,800.0,813.0,4981,4020605.2
SARBTM,2026-07-21,813.0,819.5,811.0,814.0,8330,6769245.6
SARBTM,2026-07-22,814.0,815.9,790.0,790.0,25694,20500576.4
SARBTM,2026-07-23,808.0,808.0,783.8,798.0,5592,4415943.0
SARBTM,2026-07-24,795.0,810.0,795.0,805.0,4017,3231312.0
SARBTM,2026-07-27,794.1,815.0,787.0,793.0,8689,6921570.3
SARBTM,2026-07-28,793.0,803.0,780.0,791.0,7566,5979384.5
SARBTM,2026-07-29,791.0,805.0,780.0,790.0,9288,7334285.0
SARBTM,2026-07-30,800.0,800.0,780.5,790.0,2268,1779287.1
SARBTM,2026-07-31,797.0,797.0,776.0,790.1,6077,4800253.3
CBBL,2026-07-13,920.0,920.0,909.1,910.0,15967,14551206.4
CBBL,2026-07-14,910.0,916.9,907.0,914.9,12815,11701497.2
CBBL,2026-07-15,918.0,918.0,911.2,916.0,16222,14850818.3
CBBL,2026-07-16,916.0,922.0,912.0,922.0,18030,16525415.5
CBBL,2026-07-17,918.0,932.0,918.0,929.0,12245,11350678.9
CBBL,2026-07-20,928.0,935.0,926.0,935.0,14360,13359706.2
CBBL,2026-07-21,936.0,947.7,935.0,935.0,27633,25998717.9
CBBL,2026-07-22,936.0,939.0,927.0,933.5,19042,17750689.6
CBBL,2026-07-23,929.1,934.0,929.1,932.0,11789,10980282.9
CBBL,2026-07-24,932.0,940.0,931.9,938.0,7273,6820216.5
CBBL,2026-07-27,932.0,945.0,932.0,937.0,21752,20466404.7
CBBL,2026-07-28,937.0,941.0,930.1,940.0,12282,11515503.7
CBBL,2026-07-29,940.5,944.0,935.3,938.0,13735,12887500.9
CBBL,2026-07-30,938.0,943.0,928.0,928.2,10317,9625454.5
CBBL,2026-07-31,932.8,933.7,927.0,932.0,14110,13126509.6
SKBBL,2026-07-13,746.0,756.8,740.2,744.0,24433,18201333.7
SKBBL,2026-07-14,742.1,746.9,740.0,745.0,20634,15321285.0
SKBBL,2026-07-15,755.0,756.0,745.0,745.0,15390,11549827.9
SKBBL,2026-07-16,745.0,752.0,745.0,751.9,14872,11132263.9
SKBBL,2026-07-17,758.0,764.0,757.0,763.8,5098,3881153.8
SKBBL,2026-07-20,760.0,766.0,756.5,765.0,7794,5951319.4
SKBBL,2026-07-21,803.2,803.2,761.1,769.0,7696,5920064.2
SKBBL,2026-07-22,769.0,770.2,763.0,767.5,2377,1821688.2
SKBBL,2026-07-23,762.0,770.0,760.0,767.0,6698,5130602.7
SKBBL,2026-07-24,755.1,771.0,755.1,766.0,9366,7196630.9
SKBBL,2026-07-27,770.1,771.0,762.0,765.0,10866,8331052.3
SKBBL,2026-07-28,765.0,765.0,755.1,761.0,4245,3221571.5
SKBBL,2026-07-29,768.0,768.0,758.0,758.0,5455,4139624.6
SKBBL,2026-07-30,769.0,769.0,751.6,757.9,7715,5830565.2
SKBBL,2026-07-31,768.0,768.0,751.6,757.0,7076,5334209.8
NICLBSL,2026-07-13,560.0,560.0,545.0,545.0,4919,2701585.3
NICLBSL,2026-07-14,543.1,549.5,527.0,541.0,7772,4175842.9
NICLBSL,2026-07-15,552.0,552.0,537.0,544.0,1272,695141.3
NICLBSL,2026-07-16,560.0,560.0,540.2,542.0,4464,2423843.3
NICLBSL,2026-07-17,554.9,572.6,548.0,572.6,7397,4148853.7
NICLBSL,2026-07-20,556.2,575.0,556.2,569.0,5880,3348011.2
NICLBSL,2026-07-21,577.0,578.0,560.0,564.7,5863,3314236.7
NICLBSL,2026-07-22,559.0,564.9,555.0,564.9,3933,2199645.9
NICLBSL,2026-07-23,560.0,570.0,556.0,560.0,5822,3253341.3
NICLBSL,2026-07-24,552.0,576.0,552.0,568.0,9403,5330033.5
NICLBSL,2026-07-27,560.0,568.4,559.9,562.0,9570,5364561.2
NICLBSL,2026-07-28,558.0,562.0,552.0,560.0,5273,2934355.7
NICLBSL,2026-07-29,555.0,560.0,552.3,558.0,4106,2279220.1
NICLBSL,2026-07-30,556.0,556.0,550.0,552.0,6307,3474066.9
NICLBSL,2026-07-31,546.0,561.0,545.3,558.0,5387,2973157.9
FMDBL,2026-07-13,798.0,798.0,749.0,755.0,5000,3764036.4
FMDBL,2026-07-14,750.0,754.0,738.0,745.0,10067,7502955.2
FMDBL,2026-07-15,766.0,766.0,745.0,750.0,3751,2805002.4
FMDBL,2026-07-16,760.0,862.0,730.0,860.0,30074,22823748.4
FMDBL,2026-07-17,817.0,817.0,752.0,785.0,37212,29301483.3
FMDBL,2026-07-20,747.0,795.0,747.0,790.0,11115,8781102.6
FMDBL,2026-07-21,760.0,806.0,760.0,780.5,15195,11985295.4
FMDBL,2026-07-22,780.6,780.6,768.0,773.0,8719,6727197.1
FMDBL,2026-07-23,765.2,788.0,765.2,780.0,4640,3595536.5
FMDBL,2026-07-24,780.0,786.0,775.0,780.0,5442,4247042.6
FMDBL,2026-07-27,780.2,788.0,765.0,765.0,7027,5455530.6
FMDBL,2026-07-28,765.2,773.8,765.0,765.2,5837,4481000.6
FMDBL,2026-07-29,750.0,770.0,750.0,762.7,6080,4619823.8
FMDBL,2026-07-30,763.0,768.0,757.6,758.0,5111,3876097.7
FMDBL,2026-07-31,765.0,770.0,756.0,770.0,8394,6409179.0
SMATA,2026-07-13,730.0,733.0,730.0,732.0,2347,1714129.6
SMATA,2026-07-14,727.0,730.0,713.5,730.0,2620,1900289.2
SMATA,2026-07-15,716.1,743.9,716.1,726.2,1380,1008085.6
SMATA,2026-07-16,720.0,739.0,720.0,730.0,1828,1334550.0
SMATA,2026-07-17,729.0,773.0,729.0,754.9,2137,1588764.4
SMATA,2026-07-20,760.0,763.0,755.0,761.0,2029,1541759.3
SMATA,2026-07-21,775.0,776.9,753.0,760.5,2083,1585106.8
SMATA,2026-07-22,748.2,766.9,748.2,751.1,446,338012.6
SMATA,2026-07-23,740.0,759.7,740.0,759.7,572,428534.7
SMATA,2026-07-24,741.0,769.0,741.0,754.0,2237,1694209.3
SMATA,2026-07-27,754.0,760.0,735.1,742.0,2471,1834846.2
SMATA,2026-07-28,742.0,750.0,742.0,742.0,544,404423.2
SMATA,2026-07-29,720.1,748.9,720.1,740.0,525,388201.8
SMATA,2026-07-30,740.0,753.0,728.0,740.0,2496,1847887.8
SMATA,2026-07-31,732.0,737.5,721.0,731.0,3028,2212032.0
SLBBL,2026-07-13,780.2,795.0,775.0,786.0,3918,3047387.7
SLBBL,2026-07-14,794.0,797.9,775.0,783.2,3962,3102697.2
SLBBL,2026-07-15,786.0,799.0,770.1,794.5,7943,6201958.1
SLBBL,2026-07-16,781.0,788.9,780.1,788.9,787,615060.3
SLBBL,2026-07-17,800.0,817.5,792.1,817.0,2386,1924237.7
SLBBL,2026-07-20,826.0,826.9,803.3,820.0,2183,1783765.2
SLBBL,2026-07-21,810.0,830.0,810.0,820.1,2773,2277137.3
SLBBL,2026-07-22,820.0,820.0,805.0,811.3,3364,2725129.1
SLBBL,2026-07-23,802.1,820.0,802.1,814.0,2409,1953258.2
SLBBL,2026-07-24,788.0,832.0,788.0,823.0,3942,3244712.1
SLBBL,2026-07-27,822.0,822.0,806.2,818.0,2196,1790475.1
SLBBL,2026-07-28,818.0,818.0,805.1,815.0,2542,2056673.3
SLBBL,2026-07-29,815.0,816.0,806.0,806.6,2899,2357222.8
SLBBL,2026-07-30,806.1,810.0,806.1,809.0,1495,1206643.2
SLBBL,2026-07-31,810.0,810.0,801.0,803.0,1894,1530456.4
GMFBS,2026-07-13,1163.1,1174.9,1130.5,1174.0,833,947538.5
GMFBS,2026-07-14,1232.0,1232.0,1164.0,1196.0,351,418771.0
GMFBS,2026-07-15,1253.0,1253.0,1179.1,1199.0,80,95847.0
GMFBS,2026-07-16,1170.0,1188.0,1164.2,1188.0,207,242154.6
GMFBS,2026-07-17,1222.0,1222.0,1153.0,1200.0,1033,1238590.0
GMFBS,2026-07-20,1220.0,1228.9,1195.0,1215.0,647,779713.3
GMFBS,2026-07-21,1206.1,1251.0,1206.1,1251.0,1000,1247084.4
GMFBS,2026-07-22,1313.0,1313.0,1206.1,1251.7,1212,1493132.0
GMFBS,2026-07-23,1251.7,1251.7,1221.0,1246.0,145,179589.4
GMFBS,2026-07-24,1220.2,1246.0,1220.0,1246.0,429,527569.5
GMFBS,2026-07-27,1220.0,1220.0,1212.3,1212.3,175,212915.0
GMFBS,2026-07-28,1212.5,1212.5,1212.5,1212.5,10,12125.0
GMFBS,2026-07-29,1273.0,1273.0,1186.1,1243.1,404,496263.7
GMFBS,2026-07-30,1305.2,1305.2,1222.2,1222.2,201,248385.0
GMFBS,2026-07-31,1238.9,1238.9,1202.0,1215.0,263,319942.9
SWBBL,2026-07-13,662.1,666.0,655.0,660.0,9075,6000240.9
SWBBL,2026-07-14,655.4,664.7,630.5,630.5,140967,91154436.7
SWBBL,2026-07-15,643.0,659.5,642.0,650.0,12841,8387915.8
SWBBL,2026-07-16,651.0,668.0,642.1,643.0,53284,34381157.9
SWBBL,2026-07-17,655.0,680.0,655.0,677.0,9522,6389334.9
SWBBL,2026-07-20,688.0,688.0,677.8,682.9,18663,12691508.6
SWBBL,2026-07-21,690.0,702.8,681.0,688.0,23136,16037707.6
SWBBL,2026-07-22,694.0,696.0,681.2,690.0,17605,12105923.3
SWBBL,2026-07-23,676.0,694.0,676.0,693.0,65300,44765353.8
SWBBL,2026-07-24,658.4,703.0,658.4,693.0,13156,9136402.4
SWBBL,2026-07-27,675.0,694.0,675.0,689.0,8391,5772629.0
SWBBL,2026-07-28,668.5,695.0,668.5,688.0,17148,11786307.4
SWBBL,2026-07-29,669.2,691.0,669.2,680.0,3942,2690179.3
SWBBL,2026-07-30,685.0,685.0,671.1,673.0,4763,3237387.0
SWBBL,2026-07-31,683.0,684.0,673.0,681.9,3994,2710374.3
MSLB,2026-07-13,1269.0,1269.0,1190.0,1209.0,2535,3062345.3
MSLB,2026-07-14,1194.1,1227.0,1194.1,1219.0,461,553008.7
MSLB,2026-07-15,1185.0,1239.0,1184.0,1219.0,1209,1452797.0
MSLB,2026-07-16,1193.2,1230.0,1193.2,1230.0,246,295396.6
MSLB,2026-07-17,1240.0,1240.0,1207.0,1239.8,991,1216624.0
MSLB,2026-07-20,1216.2,1248.9,1216.2,1248.9,694,853747.2
MSLB,2026-07-21,1221.0,1257.5,1221.0,1248.0,1124,1394136.8
MSLB,2026-07-22,1225.0,1230.0,1216.0,1221.0,157,192036.0
MSLB,2026-07-23,1220.0,1237.0,1204.1,1215.0,1110,1344241.0
MSLB,2026-07-24,1215.0,1244.0,1215.0,1244.0,354,433480.0
MSLB,2026-07-27,1207.1,1230.0,1207.1,1212.5,652,794998.0
MSLB,2026-07-28,1212.5,1220.0,1197.0,1220.0,140,168618.0
MSLB,2026-07-29,1201.0,1239.0,1201.0,1205.0,1042,1260650.6
MSLB,2026-07-30,1198.1,1220.0,1198.1,1220.0,753,907053.4
MSLB,2026-07-31,1200.0,1229.0,1190.0,1229.0,431,518275.0
NUBL,2026-07-13,608.0,608.0,589.8,590.2,9618,5695294.9
NUBL,2026-07-14,590.5,599.6,582.2,595.0,2612,1535853.0
NUBL,2026-07-15,596.0,604.0,590.0,600.1,7036,4182347.0
NUBL,2026-07-16,601.0,635.0,590.0,635.0,13871,8271166.5
NUBL,2026-07-17,636.0,638.9,620.0,635.0,2774,1747898.7
NUBL,2026-07-20,645.0,645.0,625.8,630.6,3349,2137569.7
NUBL,2026-07-21,635.0,639.7,631.2,632.0,2532,1601623.0
NUBL,2026-07-22,628.0,634.0,620.0,629.0,7278,4550579.4
NUBL,2026-07-23,636.0,636.0,618.1,634.4,2126,1333443.4
NUBL,2026-07-24,623.0,640.9,623.0,640.6,8629,5502454.8
NUBL,2026-07-27,633.0,639.0,623.0,623.1,5929,3724323.2
NUBL,2026-07-28,633.0,633.0,610.2,617.0,5909,3640709.9
NUBL,2026-07-29,607.0,625.0,602.0,623.0,9183,5596057.4
NUBL,2026-07-30,605.8,621.5,595.1,611.0,2374,1434871.9
NUBL,2026-07-31,609.0,618.9,601.1,610.0,2862,1746483.5
NMBMF,2026-07-13,595.0,604.9,595.0,595.0,1265,756136.7
NMBMF,2026-07-14,588.0,601.0,585.0,599.9,900,531893.9
NMBMF,2026-07-15,582.0,610.0,582.0,595.3,808,483340.0
NMBMF,2026-07-16,606.6,606.6,590.0,593.0,1175,695347.0
NMBMF,2026-07-17,605.0,630.0,605.0,626.0,4156,2566690.6
NMBMF,2026-07-20,630.0,630.0,622.1,629.0,896,561568.0
NMBMF,2026-07-21,620.0,629.0,620.0,629.0,1560,973407.0
NMBMF,2026-07-22,615.1,633.5,615.1,621.0,3344,2101937.2
NMBMF,2026-07-23,612.4,635.0,612.4,635.0,2174,1371295.7
NMBMF,2026-07-24,622.0,642.9,622.0,640.0,4969,3154380.4
NMBMF,2026-07-27,625.0,639.5,625.0,636.0,747,467612.0
NMBMF,2026-07-28,624.0,633.9,620.0,633.9,910,566153.0
NMBMF,2026-07-29,630.0,635.5,616.5,631.0,228,141636.5
NMBMF,2026-07-30,622.0,628.0,620.0,627.9,279,173539.0
NMBMF,2026-07-31,610.2,623.9,610.1,616.0,430,264232.0
STC,2026-07-13,5150.0,5150.0,5050.0,5050.0,1060,5404970.0
STC,2026-07-14,5052.0,5150.0,5000.1,5150.0,1487,7538981.6
STC,2026-07-15,5155.0,5170.0,5014.1,5170.0,5240,26726191.0
STC,2026-07-16,5100.0,5169.0,5100.0,5169.0,56,287650.0
STC,2026-07-17,5249.0,5344.0,5200.0,5259.0,657,3444622.0
STC,2026-07-20,5279.0,5300.0,5251.0,5295.0,359,1897439.0
STC,2026-07-21,5378.0,5399.0,5250.0,5250.0,481,2531908.0
STC,2026-07-22,5250.0,5250.0,5190.0,5200.0,1220,6345630.0
STC,2026-07-23,5200.0,5201.0,5200.0,5200.0,1206,6270920.0
STC,2026-07-24,5102.0,5250.0,5102.0,5175.0,1310,6807982.0
STC,2026-07-27,5210.0,5210.0,5150.0,5200.0,1345,6995148.8
STC,2026-07-28,5200.0,5200.0,5125.5,5200.0,3227,16579625.0
STC,2026-07-29,5130.0,5199.0,5130.0,5190.0,1491,7665448.2
STC,2026-07-30,5190.0,5190.0,5122.1,5189.0,346,1779046.5
STC,2026-07-31,5200.0,5200.0,5150.0,5150.0,289,1495546.0
BBC,2026-07-13,4091.0,4148.0,4055.0,4070.0,272,1109267.0
BBC,2026-07-14,4053.7,4128.0,4021.1,4128.0,240,977466.0
BBC,2026-07-15,4126.9,4175.0,4051.0,4154.0,277,1137160.0
BBC,2026-07-16,4239.0,4239.0,4103.0,4169.0,60,249196.0
BBC,2026-07-17,4260.0,4260.0,4115.0,4199.9,80,335409.0
BBC,2026-07-20,4101.0,4300.0,4101.0,4250.0,291,1234804.0
BBC,2026-07-21,4299.7,4696.0,4156.0,4390.0,1912,8330179.0
BBC,2026-07-22,4300.0,4400.0,4256.0,4268.0,545,2356241.0
BBC,2026-07-23,4379.0,4390.0,4241.0,4390.0,397,1724000.0
BBC,2026-07-24,4310.0,4389.0,4262.0,4375.0,126,543982.0
BBC,2026-07-27,4349.0,4377.0,4264.0,4265.0,102,439668.9
BBC,2026-07-28,4350.0,4350.0,4209.0,4300.0,224,955580.0
BBC,2026-07-29,4210.0,4328.0,4210.0,4300.0,150,643088.0
BBC,2026-07-30,4186.0,4400.0,3825.0,4280.0,706,3003300.0
BBC,2026-07-31,4201.0,4297.0,4190.0,4280.0,161,684798.0
CIT,2026-07-13,1680.1,1686.0,1650.1,1675.0,4296,7174310.0
CIT,2026-07-14,1680.0,1682.9,1665.0,1681.9,4503,7537315.2
CIT,2026-07-15,1680.0,1695.0,1670.1,1670.1,5708,9585256.6
CIT,2026-07-16,1689.0,1689.0,1666.0,1670.0,3427,5729925.0
CIT,2026-07-17,1679.0,1698.0,1675.0,1697.0,4443,7525453.0
CIT,2026-07-20,1698.0,1712.7,1672.0,1710.0,4561,7774887.1
CIT,2026-07-21,1715.0,1751.0,1713.0,1730.1,5887,10206022.5
CIT,2026-07-22,1730.5,1732.0,1710.0,1724.0,4080,7019182.5
CIT,2026-07-23,1739.9,1739.9,1706.0,1724.8,2666,4595693.4
CIT,2026-07-24,1724.0,1745.0,1724.0,1734.0,4293,7442512.1
CIT,2026-07-27,1734.0,1747.0,1720.0,1721.0,4295,7440563.9
CIT,2026-07-28,1720.0,1721.0,1717.0,1717.0,2704,4647275.4
CIT,2026-07-29,1717.0,1724.0,1710.0,1720.0,2184,3755256.5
CIT,2026-07-30,1710.0,1724.9,1710.0,1716.0,1962,3366832.5
CIT,2026-07-31,1726.0,1726.0,1701.0,1715.0,4400,7530482.8
NTC,2026-07-13,845.0,849.0,840.0,846.0,6841,5781520.9
NTC,2026-07-14,846.0,851.0,845.0,850.9,11091,9412231.5
NTC,2026-07-15,859.9,859.9,848.0,853.0,6065,5177440.5
NTC,2026-07-16,853.0,861.0,853.0,857.5,3418,2936170.7
NTC,2026-07-17,860.0,868.0,850.0,862.0,13997,12026614.0
NTC,2026-07-20,880.0,880.0,862.0,869.0,9133,7947092.3
NTC,2026-07-21,875.0,875.0,862.5,864.9,6076,5267791.1
NTC,2026-07-22,875.0,875.0,853.0,857.1,12970,11115716.3
NTC,2026-07-23,860.0,860.0,855.0,859.0,3472,2979164.3
NTC,2026-07-24,875.0,880.0,860.1,864.0,7547,6540831.0
NTC,2026-07-27,864.1,865.0,859.5,862.0,8580,7395522.9
NTC,2026-07-28,864.9,864.9,855.1,861.9,3201,2757675.1
NTC,2026-07-29,858.0,875.0,855.2,869.8,14738,12812421.4
NTC,2026-07-30,870.0,874.9,863.0,865.0,3581,3099080.8
NTC,2026-07-31,850.0,870.0,850.0,861.0,6077,5262367.3
NRIC,2026-07-13,957.0,993.0,920.1,925.0,37262,36038274.6
NRIC,2026-07-14,921.0,939.8,910.0,924.0,19799,18296113.0
NRIC,2026-07-15,965.0,965.0,920.1,925.0,36726,34464916.7
NRIC,2026-07-16,971.0,971.0,920.0,923.0,22497,20861245.7
NRIC,2026-07-17,950.0,968.0,933.4,961.0,35033,33394652.4
NRIC,2026-07-20,913.0,1003.0,913.0,1000.0,62179,60638133.9
NRIC,2026-07-21,1030.0,1036.0,988.6,1018.0,82944,84531935.4
NRIC,2026-07-22,1000.0,1019.0,991.1,1007.1,34488,34527233.5
NRIC,2026-07-23,1000.0,1008.0,990.0,996.0,29266,29167329.9
NRIC,2026-07-24,990.0,995.0,960.0,986.0,61419,60064368.3
NRIC,2026-07-27,986.0,995.0,960.3,968.0,39329,38233630.3
NRIC,2026-07-28,1016.4,1016.4,951.0,953.0,15784,15122653.8
NRIC,2026-07-29,979.0,979.0,951.0,952.0,15261,14557962.1
NRIC,2026-07-30,950.0,960.0,941.0,945.0,13744,13012670.7
NRIC,2026-07-31,950.0,1030.0,930.0,970.0,41920,40144457.3
HRL,2026-07-13,561.0,568.0,555.6,556.0,45767,25563817.0
HRL,2026-07-14,555.0,564.0,545.0,554.0,61911,34311273.11
HRL,2026-07-15,560.0,564.0,555.0,557.0,33156,18552472.5
HRL,2026-07-16,584.8,584.8,552.0,553.0,43458,24249454.3
HRL,2026-07-17,568.0,582.0,560.2,581.9,93740,53757882.8
HRL,2026-07-20,582.0,625.0,580.0,616.0,185510,113181873.9
HRL,2026-07-21,624.0,657.0,624.0,645.0,341552,220121762.9
HRL,2026-07-22,677.2,677.2,635.0,636.2,151511,97303435.6
HRL,2026-07-23,636.2,645.0,625.1,641.0,90968,57689260.6
HRL,2026-07-24,641.0,644.8,629.0,629.0,98378,62538553.9
HRL,2026-07-27,635.0,635.0,602.0,603.9,168162,103287146.9
HRL,2026-07-28,601.0,605.0,595.1,596.0,95625,57305281.6
HRL,2026-07-29,600.0,613.0,600.0,601.1,66078,39935887.9
HRL,2026-07-30,610.0,610.0,595.5,597.0,42529,25470794.3
HRL,2026-07-31,597.0,604.0,590.0,603.0,69303,41283664.09
HIDCL,2026-07-13,247.0,249.0,246.0,246.6,32749,8087790.1
HIDCL,2026-07-14,249.4,250.0,245.0,250.0,62329,15407968.2
HIDCL,2026-07-15,253.0,253.0,247.1,248.0,42075,10507785.1
HIDCL,2026-07-16,250.0,252.5,248.3,250.0,62953,15738237.9
HIDCL,2026-07-17,254.0,264.8,253.0,264.8,61980,15980900.5
HIDCL,2026-07-20,265.0,270.0,260.0,267.0,109486,29082115.2
HIDCL,2026-07-21,280.3,280.3,262.0,268.8,75633,20100757.0
HIDCL,2026-07-22,262.6,267.8,261.2,266.0,64784,17079665.5
HIDCL,2026-07-23,266.0,267.0,261.1,263.6,46621,12293633.0
HIDCL,2026-07-24,262.0,268.8,262.0,263.7,70195,18635926.6
HIDCL,2026-07-27,261.3,267.0,260.0,262.0,55059,14450634.6
HIDCL,2026-07-28,260.0,263.9,258.2,260.0,28585,7436448.9
HIDCL,2026-07-29,260.1,262.9,258.2,260.0,31911,8294890.0
HIDCL,2026-07-30,260.0,262.8,256.1,258.0,44775,11524029.3
HIDCL,2026-07-31,260.0,260.0,256.1,258.8,17829,4607313.5
MKCL,2026-07-13,1070.0,1075.0,1050.6,1074.0,1943,2066545.4
MKCL,2026-07-14,1043.0,1069.0,1043.0,1065.0,699,737846.0
MKCL,2026-07-15,1065.0,1080.0,1053.0,1070.0,1581,1695135.0
MKCL,2026-07-16,1070.0,1101.0,1050.0,1101.0,1594,1706698.6
MKCL,2026-07-17,1110.0,1124.0,1100.0,1119.0,2010,2240416.0
MKCL,2026-07-20,1090.0,1150.0,1090.0,1149.0,2110,2407167.0
MKCL,2026-07-21,1136.0,1185.0,1136.0,1164.0,1669,1958433.9
MKCL,2026-07-22,1160.0,1163.0,1130.0,1160.0,2479,2814969.4
MKCL,2026-07-23,1160.0,1179.0,1131.2,1141.0,1005,1149953.0
MKCL,2026-07-24,1150.0,1185.0,1133.0,1180.0,5080,5957167.8
MKCL,2026-07-27,1152.0,1180.0,1144.6,1158.9,1293,1488232.4
MKCL,2026-07-28,1124.2,1149.7,1110.0,1139.0,2878,3228806.1
MKCL,2026-07-29,1157.9,1158.0,1112.0,1143.9,459,512871.5
MKCL,2026-07-30,1150.0,1150.0,1110.0,1120.0,660,737096.3
MKCL,2026-07-31,1100.0,1124.0,1100.0,1120.0,2255,2506565.3
